id	name	formula	charge	aliases
cpd00443	ABEE	C7H6NO2	-1	
cpd02920	2-Amino-4-hydroxy-6-hydroxymethyl-7-8-dihydropteridinediphosphate	C7H9N5O8P2	-2	
cpd00012	PPi	HO7P2	-3	
cpd00067	H+	H	1	
cpd00683	Dihydropteroate	C14H13N6O3	-1	
cpd00213	Lipoamide	C8H15NOS2	0	
cpd14700	2-Methyl-1-hydroxypropyl-TPP	C16H25N4O8P2S	-1	
cpd00056	TPP	C12H17N4O7P2S	-1	
cpd02700	S-(2-Methylpropionyl)-dihydrolipoamide	C12H23NO2S2	0	
cpd00017	S-Adenosyl-L-methionine	C15H23N6O5S	1	
cpd00074	S	S	0	
cpd01311	Dethiobiotin	C10H17N2O3	-1	
cpd00060	L-Methionine	C5H11NO2S	0	
cpd00104	BIOT	C10H15N2O3S	-1	
cpd03091	5'-Deoxyadenosine	C10H13N5O3	0	
cpd00182	Adenosine	C10H13N5O4	0	
cpd00001	H2O	H2O	0	
cpd00002	ATP	C10H13N5O13P3	-3	
cpd00008	ADP	C10H13N5O10P2	-2	
cpd00009	Phosphate	HO4P	-2	
cpd00947	LacCer	C31H56NO13R	0	
cpd00108	Galactose	C6H12O6	0	
cpd00878	Glucocerebroside	C25H46NO8R	0	
cpd00022	Acetyl-CoA	C23H34N7O17P3S	-4	
cpd00054	L-Serine	C3H7NO3	0	
cpd00010	CoA	C21H32N7O16P3S	-4	
cpd00722	O-Acetyl-L-serine	C5H9NO4	0	
cpd00046	CMP	C9H12N3O8P	-2	
cpd00096	CDP	C9H13N3O11P2	-2	
cpd00037	UDP-N-acetylglucosamine	C17H25N3O17P2	-2	
cpd03494	Undecaprenyl-diphospho-N-acetylmuramoyl-L-alanyl-D-glutamyl-meso-2-6-diaminopimeloyl-D-alanyl-D-alanine	C87H139N7O23P2	-4	
cpd00014	UDP	C9H12N2O12P2	-2	
cpd03495	Undecaprenyl-diphospho-N-acetylmuramoyl--N-acetylglucosamine-L-ala-D-glu-meso-2-6-diaminopimeloyl-D-ala-D-ala	C95H152N8O28P2	-4	
cpd11440	fa6	C16H31O2	-1	
cpd00018	AMP	C10H12N5O7P	-2	
cpd11441	fa6coa	C37H63N7O17P3S	-3	
cpd00004	NADH	C21H27N7O14P2	-2	
cpd11527	7-methyl-trans-oct-2-enoyl-ACP	C20H35N2O8PRS	-1	
cpd00003	NAD	C21H26N7O14P2	-1	
cpd11528	7-methyl-octanoyl-ACP	C20H37N2O8PRS	-1	
cpd00015	FAD	C27H30N9O15P2	-3	
cpd00130	L-Malate	C4H4O5	-2	
cpd00032	Oxaloacetate	C4H2O5	-2	
cpd00982	FADH2	C27H33N9O15P2	-2	
cpd00533	dCDP	C9H13N3O10P2	-2	
cpd00356	dCTP	C9H13N3O13P3	-3	
cpd00075	Nitrite	NO2	-1	
cpd00851	trans-4-Hydroxy-L-proline	C5H9NO3	0	
cpd02175	cis-4-Hydroxy-D-proline	C5H9NO3	0	
cpd03049	2-Hydroxyethyl-ThPP	C14H21N4O8P2S	-1	
cpd00836	S-Acetyldihydrolipoamide	C10H19NO2S2	0	
cpd15750	Anteisoheptadecanoyllipoteichoic acid (n=24), linked, unsubstituted	C121H236O135P24	-24	
cpd15768	Anteisoheptadecanoyllipoteichoic acid (n=24), linked, N-acetyl-D-glucosamine	C313H548N24O255P24	-24	
cpd00006	NADP	C21H25N7O17P3	-3	
cpd00842	(S)-3-Hydroxybutyryl-CoA	C25H38N7O18P3S	-4	
cpd00005	NADPH	C21H26N7O17P3	-4	
cpd00279	Acetoacetyl-CoA	C25H36N7O18P3S	-4	
cpd00083	GDP-mannose	C16H23N5O16P2	-2	
cpd00900	GDP-4-dehydro-D-rhamnose	C16H21N5O15P2	-2	
cpd00179	Maltose	C12H22O11	0	
cpd00027	D-Glucose	C6H12O6	0	
cpd00137	Citrate	C6H5O7	-3	
cpd00260	Isocitrate	C6H5O7	-3	
cpd00521	dTDP-4-oxo-6-deoxy-D-glucose	C16H22N2O15P2	-2	
cpd00522	dTDP-4-oxo-L-rhamnose	C16H22N2O15P2	-2	
cpd03113	(S)-3-Hydroxyhexadecanoyl-CoA	C37H62N7O18P3S	-4	
cpd03114	3-Oxopalmitoyl-CoA	C37H60N7O18P3S	-4	
cpd01140	UDP-apiose	C14H20N2O16P2	-2	
cpd02807	Cosmetin	C21H20O10	0	
cpd02952	Apiin	C26H28O14	0	
cpd00007	O2	O2	0	
cpd00483	3-Hydroxyanthranilate	C7H6NO3	-1	
cpd00025	H2O2	H2O2	0	
cpd00532	O2-	O2	-1	
cpd03351	Cinnavalininate	C14H6N2O6	-2	
cpd11466	Myristoyl-ACP	C25H48N2O8PRS	-2	
cpd01695	Myristoyl-CoA	C35H58N7O17P3S	-4	
cpd11493	ACP	C11H22N2O7PRS	-2	
cpd08739	trans-2-Methyl-5-isopropylhexa-2,5-dienal	C10H16O	0	
cpd08740	trans-2-Methyl-5-isopropylhexa-2,5-dienoic acid	C10H15O2	-1	
cpd17042	DNA replication	null	0	
cpd11640	H2	H2	0	
cpd15560	Ubiquinone-8	C49H74O4	0	
cpd15561	Ubiquinol-8	C49H76O4	0	
cpd00068	ITP	C10H12N4O14P3	-3	
cpd00072	D-fructose-6-phosphate	C6H11O9P	-2	
cpd00090	IDP	C10H12N4O11P2	-2	
cpd00290	D-fructose-1,6-bisphosphate	C6H10O12P2	-4	
cpd11492	Malonyl-acyl-carrierprotein-	C14H24N2O10PRS	-2	
cpd00011	CO2	CO2	0	
cpd11529	9-methyl-3-oxo-decanoyl-ACP	C22H39N2O9PRS	-1	
cpd08289	1-deoxy-D-xylulose5-phosphate	C5H9O7P	-2	
cpd08449	3-Amino-2-oxopropyl phosphate	C3H7NO5P	-1	
cpd00478	Pyridoxine phosphate	C8H10NO6P	-2	
cpd03187	Oxalosuccinate	C6H3O7	-3	
cpd00024	2-Oxoglutarate	C5H4O5	-2	
cpd00246	Inosine	C10H12N4O5	0	
cpd00226	HYXN	C5H4N4O	0	
cpd00475	Ribose 1-phosphate	C5H9O8P	-2	
cpd15688	CDP-1,2-diisohexadecanoylglycerol	C44H79N3O15P2	-2	
cpd15694	Diisohexadecanoylphosphatidylserine	C38H72NO10P	-2	
cpd11589	gly-asp-L	C6H9N2O5	-1	
cpd00033	Glycine	C2H5NO2	0	
cpd00041	L-Aspartate	C4H6NO4	-1	
cpd02519	Guanidinoethyl methyl phosphate	C4H12N3O4P	0	
cpd02744	N'-Phosphoguanidinoethyl methyl phosphate	C4H11N3O7P2	-2	
cpd18004	Pheophorbide a	C35H36N4O5	0	
cpd00116	Methanol	CH4O	0	
cpd18047	Pyropheophorbide a	C33H34N4O3	0	
cpd00038	GTP	C10H13N5O14P3	-3	
cpd00048	Sulfate	O4S	-2	
cpd00031	GDP	C10H13N5O11P2	-2	
cpd00193	APS	C10H12N5O10PS	-2	
cpd00206	dCMP	C9H12N3O7P	-2	
cpd00061	Phosphoenolpyruvate	C3H2O6P	-3	
cpd00020	Pyruvate	C3H3O3	-1	
cpd00070	Malonyl-CoA	C24H33N7O19P3S	-5	
cpd02375	Adenylosuccinate	C14H14N5O11P	-4	
cpd00106	Fumarate	C4H2O4	-2	
cpd00052	CTP	C9H13N3O14P3	-3	
cpd00084	L-Cysteine	C3H7NO2S	0	
cpd02201	4-phosphopantothenate	C9H15NO8P	-3	
cpd02666	(R)-4'-Phosphopantothenoyl-L-cysteine	C12H20N2O9PS	-3	
cpd00026	UDP-glucose	C15H22N2O17P2	-2	
cpd00144	UDPglucuronate	C15H19N2O18P2	-3	
cpd02168	Prephytoene diphosphate	C40H66O7P2	-2	
cpd03211	15-cis-Phytoene	C40H64	0	
cpd00023	L-Glutamate	C5H8NO4	-1	
cpd00201	10-Formyltetrahydrofolate	C20H21N7O7	-2	
cpd03524	10-Formyl-THF-L-glutamate	C25H27N8O10	-3	
cpd00093	Anthranilate	C7H6NO2	-1	
cpd02014	N-Malonylanthranilate	C10H7NO5	-2	
cpd11503	6-methyl-octanoyl-ACP	C20H37N2O8PRS	-1	
cpd11504	8-methyl-3-oxo-decanoyl-ACP	C22H39N2O9PRS	-1	
cpd03640	6-Oxohexanoate	C6H9O3	-1	
cpd03643	Cyclohexan-1,2-dione	C6H8O2	0	
cpd03349	5-Hydroxykynurenamine	C9H13N2O2	1	
cpd03362	5-Hydroxykynurenine	C10H12N2O4	0	
cpd02021	Succinylbenzoyl-CoA	C32H39N7O20P3S	-5	
cpd02295	1-4-Dihydroxy-2-naphthoate	C11H7O4	-1	
cpd00259	D-Lyxulose	C5H10O5	0	
cpd00198	D-Xylulose5-phosphate	C5H9O8P	-2	
cpd00101	ribose-5-phosphate	C5H9O8P	-2	
cpd00847	Ribose 1,5-bisphosphate	C5H10O11P2	-2	
cpd00351	Saccharopine	C11H19N2O6	-1	
cpd02522	2-Aminoadipate 6-semialdehyde	C6H11NO3	0	
cpd00062	UTP	C9H12N2O15P3	-3	
cpd00805	D-Tagatose 6-phosphate	C6H11O9P	-2	
cpd02371	D-Tagatose 1,6-biphosphate	C6H10O12P2	-4	
cpd04097	Pb	Pb	2	
cpd00311	Guanosine	C10H13N5O5	0	
cpd00013	NH3	H4N	1	
cpd01217	Xanthosine	C10H12N4O6	0	
cpd00807	L-histidinol-phosphate	C6H11N3O4P	-1	
cpd00930	imidazole acetol-phosphate	C6H7N2O5P	-2	
cpd03414	UroporphyrinogenI	C40H36N4O16	-8	
cpd03416	CoproporphyrinogenI	C36H40N4O8	-4	
cpd00154	Xylose	C5H10O5	0	
cpd02961	Dihydroneopterin	C9H13N5O4	0	
cpd00229	Glycolaldehyde	C2H4O2	0	
cpd00954	6-hydroxymethyl dihydropterin	C7H9N5O2	0	
cpd00808	L-ribulose-5-phosphate	C5H9O8P	-2	
cpd00202	DMAPP	C5H10O7P2	-2	
cpd08615	1-Hydroxy-2-methyl-2-butenyl 4-diphosphate	C5H10O8P2	-2	
cpd11540	13-methyl-tetra-decanoyl-ACP	C26H49N2O8PRS	-2	
cpd11541	15-methyl-3-oxo-hexa-decanoyl-ACP	C28H51N2O9PRS	-1	
cpd03246	Taurochenodeoxycholate	C26H44NO6S	-1	
cpd00210	Taurine	C2H7NO3S	0	
cpd01663	Chenodiol	C24H39O4	-1	
cpd00080	Glycerol-3-phosphate	C3H7O6P	-2	
cpd11439	fa4coa	C36H61N7O17P3S	-3	
cpd15675	1-anteisopentadecanoyl-sn-glycerol 3-phosphate	C18H36O7P	-1	
cpd15331	1-tetradecanoyl-sn-glycerol 3-phosphate	C17H33O7P	-2	
cpd15522	1,2-ditetradecanoyl-sn-glycerol 3-phosphate	C31H60O8P	-1	
cpd15682	1,2-diisohexadecanoyl-sn-glycerol 3-phosphate	C35H68O8P	-1	
cpd00113	Isopentenyldiphosphate	C5H10O7P2	-2	
cpd00350	Farnesyldiphosphate	C15H26O7P2	-2	
cpd00289	Geranylgeranyl diphosphate	C20H34O7P2	-2	
cpd02498	2,3-Dihydroxy-isovalerate	C5H9O4	-1	
cpd00123	3-Methyl-2-oxobutanoate	C5H7O3	-1	
cpd11543	15-methyl-trans-hexa-dec-2-enoyl-ACP	C28H51N2O8PRS	-1	
cpd11544	15-methyl-hexa-decanoyl-ACP	C28H53N2O8PRS	-2	
cpd11432	fa11coa	C38H65N7O17P3S	-3	
cpd15671	1-isoheptadecanoyl-sn-glycerol 3-phosphate	C20H40O7P	-1	
cpd00171	D-Ribulose5-phosphate	C5H9O8P	-2	
cpd00047	Formate	CHO2	-1	
cpd11225	3-4-dihydroxy-2-butanone4-phosphate	C4H7O6P	-2	
cpd11536	11-methyl-dodecanoyl-ACP	C24H45N2O8PRS	-1	
cpd11537	13-methyl-3-oxo-tetra-decanoyl-ACP	C26H47N2O9PRS	-1	
cpd00585	Creatinine	C4H7N3O	0	
cpd01679	N-Methylhydantoin	C4H6N2O2	0	
cpd00095	Glycerone-phosphate	C3H5O6P	-2	
cpd01647	2-Phenylacetamide	C8H9NO	0	
cpd00430	PACT	C8H8O2	0	
cpd00208	LACT	C12H22O11	0	
cpd00390	CDP-glucose	C15H23N3O16P2	-2	
cpd00897	CDP-4-dehydro-6-deoxy-D-glucose	C15H21N3O15P2	-2	
cpd02333	Quinolinate	C7H3NO4	-2	
cpd03470	Iminoaspartate	C4H3NO4	-2	
cpd15685	CDP-1,2-diisotetradecanoylglycerol	C40H71N3O15P2	-2	
cpd15691	Diisotetradecanoylphosphatidylserine	C34H64NO10P	-2	
cpd00817	D-Arabinose5-phosphate	C5H9O8P	-2	
cpd12232	Nucleoside phosphate	C5H9O7PR	-1	
cpd00354	NDP	C5H9O10P2R	-2	
cpd00162	Aminoethanol	C2H8NO	1	
cpd00071	Acetaldehyde	C2H4O	0	
cpd00519	D-methylmalonyl-CoA	C25H35N7O19P3S	-5	
cpd00086	Propionyl-CoA	C24H36N7O17P3S	-4	
cpd00222	GLCN	C6H11O7	-1	
cpd00176	2-keto-3-deoxygluconate	C6H9O6	-1	
cpd00412	Deoxyuridine	C9H12N2O5	0	
cpd00236	D-Erythrose4-phosphate	C4H7O7P	-2	
cpd02147	4-Phosphoerythronate	C4H6O8P	-3	
cpd11767	tRNA uridine	C19H26N2O21P3R2	-3	
cpd00147	5-Methylthioadenosine	C11H15N5O3S	0	
cpd12564	tRNA 3-(3-amino-3-carboxypropyl)-uridine	C23H32N3O23P3R2	-4	
cpd00810	Orotidylic acid	C10H10N2O11P	-3	
cpd00091	UMP	C9H11N2O9P	-2	
cpd00258	D-Ribulose	C5H10O5	0	
cpd02654	4-Methyl-5--2-phosphoethyl-thiazole	C6H8NO4PS	-2	
cpd02894	4-Amino-2-methyl-5-diphosphomethylpyrimidine	C6H9N3O7P2	-2	
cpd00793	Thiamine phosphate	C12H16N4O4PS	-1	
cpd00064	Ornithine	C5H13N2O2	1	
cpd00118	Putrescine	C4H14N2	2	
cpd00345	5-Methyltetrahydrofolate	C20H23N7O6	-2	
cpd00125	5-10-Methylenetetrahydrofolate	C20H21N7O6	-2	
cpd00135	Homocysteine	C4H9NO2S	0	
cpd00424	Cystathionine	C7H14N2O4S	0	
cpd15308	1,2-Diacyl-sn-glycerol ditetradec-7-enoyl	C31H56O5	0	
cpd15523	1,2-ditetradec-7-enoyl-sn-glycerol 3-phosphate	C31H56O8P	-1	
cpd15702	1,2-Dianteisoheptadecanoyl-sn-glycerol	C37H72O5	0	
cpd15678	1,2-dianteisoheptadecanoyl-sn-glycerol 3-phosphate	C37H72O8P	-1	
cpd11573	Octodecanoyl-ACP	C29H55N2O8PRS	-2	
cpd00327	strcoa	C39H66N7O17P3S	-4	
cpd11437	fa3coa	C36H61N7O17P3S	-3	
cpd02210	Indoleglycerol phosphate	C11H12NO6P	-2	
cpd00102	Glyceraldehyde3-phosphate	C3H5O6P	-2	
cpd00359	indol	C8H7N	0	
cpd03002	Lipid A disaccharide	C68H127N2O20P	-2	
cpd02993	Lipid IV(A)	C68H126N2O23P2	-4	
cpd02730	3-Deoxy-D-manno-octulosonate8-phosphate	C8H12O11P	-3	
cpd12225	Dihydrolipolprotein	CH3RS2	0	
cpd12005	Lipoylprotein	CHRS2	0	
cpd15677	1,2-diisoheptadecanoyl-sn-glycerol 3-phosphate	C37H72O8P	-1	
cpd15605	Gly-Phe	C11H14N2O3	0	
cpd00066	L-Phenylalanine	C9H11NO2	0	
cpd01977	4-Phospho-L-aspartate	C4H6NO7P	-2	
cpd15422	CDP-1,2-ditetradec-7-enoylglycerol	C40H67N3O15P2	-2	
cpd02065	3-Hydroxy-L-kynurenine	C10H12N2O4	0	
cpd00035	L-Alanine	C3H7NO2	0	
cpd00493	Pyridoxamine phosphate	C8H12N2O5P	-1	
cpd00016	Pyridoxal phosphate	C8H8NO6P	-2	
cpd03205	Phytoene	C40H64	0	
cpd11502	6-methyl-trans-oct-2-enoyl-ACP	C20H35N2O8PRS	-1	
cpd11464	Butyryl-ACP	C15H28N2O8PRS	-2	
cpd11486	3-Oxohexanoyl-[acp]	C17H30N2O9PRS	-2	
cpd00119	L-Histidine	C6H9N3O2	0	
cpd00581	Urocanate	C6H5N2O2	-1	
cpd15045	3-Hydroxy-OPC8-CoA	C39H61N7O19P3S	-3	
cpd15046	3-Oxo-OPC8-CoA	C39H59N7O19P3S	-3	
cpd03124	Hexanoyl-CoA	C27H42N7O17P3S	-4	
cpd03121	3-Oxooctanoyl-CoA	C29H44N7O18P3S	-4	
cpd01012	Cd2+	Cd	2	
cpd03333	Sinapaldehyde	C11H12O4	0	
cpd00373	Sinapate	C11H11O5	-1	
cpd00268	H2S2O3	HO3S2	-1	
cpd11421	trdrd	C6H9NO2R2S2	0	
cpd00029	Acetate	C2H3O2	-1	
cpd00081	Sulfite	HO3S	-1	
cpd11420	trdox	C6H7NO2R2S2	0	
cpd00053	L-Glutamine	C5H10N2O3	0	
cpd00132	L-Asparagine	C4H8N2O3	0	
cpd15423	CDP-1,2-ditetradecanoylglycerol	C40H71N3O15P2	-2	
cpd15553	phosphatidylserine ditetradecanoyl	C34H64NO10P	-2	
cpd00794	TRHL	C12H22O11	0	
cpd03189	3-Carboxy-1-hydroxypropyl-ThPP	C16H22N4O10P2S	-2	
cpd00860	S-Succinyldihydrolipoamide	C12H20NO4S2	-1	
cpd00635	Cbl	C62H91CoN13O14P	2	
cpd15418	CDP-1,2-dihexadec-9-enoylglycerol	C44H75N3O15P2	-2	
cpd15556	phosphatidylserine dihexadec-9-enoyl	C38H68NO10P	-2	
cpd02090	Glycerophosphoglycerol	C6H14O8P	-1	
cpd00100	Glycerol	C3H8O3	0	
cpd01646	2-Isopropylmalate	C7H10O5	-2	
cpd00242	H2CO3	CHO3	-1	
cpd12848	Holo-[carboxylase]	C17H27N5O4R2S	0	
cpd12543	Carboxybiotin-carboxyl-carrier protein	C18H26N5O6R2S	-1	
cpd02233	Ciliatine	C2H8NO3P	0	
cpd03379	CMPciliatine	C11H19N4O10P2	-1	
cpd00239	H2S	HS	-1	
cpd00383	Shikimate	C7H9O5	-1	
cpd02030	3-phosphoshikimate	C7H8O8P	-3	
cpd00219	Prephenate	C10H8O6	-2	
cpd00868	p-hydroxyphenylpyruvate	C9H7O4	-1	
cpd00508	3MOP	C6H9O3	-1	
cpd14702	2-Methyl-1-hydroxybutyl-TPP	C17H27N4O8P2S	-1	
cpd00504	LL-2,6-Diaminopimelate	C7H14N2O4	0	
cpd00516	meso-2,6-Diaminopimelate	C7H14N2O4	0	
cpd00344	N-Formimino-L-glutamate	C6H9N2O4	-1	
cpd00770	N-Formyl-L-glutamate	C6H7NO5	-2	
cpd00905	Guanosine 3',5'-bis(diphosphate)	C10H12N5O17P4	-5	
cpd11585	L-alanylglycine	C5H10N2O3	0	
cpd10515	Fe2+	Fe	2	
cpd10516	fe3	Fe	3	
cpd02626	1-Pyrroline-4-hydroxy-2-carboxylate	C5H6NO3	-1	
cpd00340	2,5-Dioxopentanoate	C5H5O4	-1	
cpd02195	4-Nitroquinoline 1-oxide	C9H6N2O3	0	
cpd02505	4-Hydroxyaminoquinoline N-oxide	C9H8N2O2	0	
cpd00652	D-Mucic acid	C6H8O8	-2	
cpd00515	5-Dehydro-4-deoxy-D-glucarate	C6H6O7	-2	
cpd00689	Porphobilinogen	C10H13N2O4	-1	
cpd00755	Hydroxymethylbilane	C40H38N4O17	-8	
cpd00196	Acetylphosphate	C2H3O5P	-2	
cpd11472	Hexanoyl-ACP	C17H31N2O8PRS	-2	
cpd11490	3-oxooctanoyl-acp	C19H34N2O9PRS	-2	
cpd15529	phosphatidylethanolamine ditetradecanoyl	C33H66NO8P	0	
cpd06654	Liquiritigenin	C15H12O4	0	
cpd01119	Licodione	C15H12O5	0	
cpd00223	Glycerate	C3H5O4	-1	
cpd00169	3-Phosphoglycerate	C3H4O7P	-3	
cpd02045	1-Hydroxy-2-naphthoate	C11H7O3	-1	
cpd01932	1,2-Naphthalenediol	C10H8O2	0	
cpd00760	2-Methylbutyryl-CoA	C26H40N7O17P3S	-4	
cpd11495	2-methylbutyryl-ACP	C16H29N2O8PRS	-2	
cpd00655	Dephospho-CoA	C21H33N7O13P2S	-2	
cpd01795	2-Deoxy-D-gluconate	C6H11O6	-1	
cpd02441	3-Dehydro-2-deoxy-D-gluconate	C6H9O6	-1	
cpd01775	Phosphoribosyl-ATP	C15H20N5O20P4	-5	
cpd00103	PRPP	C5H9O14P3	-4	
cpd00858	L-Glutamate5-semialdehyde	C5H9NO3	0	
cpd02431	1-Pyrroline-5-carboxylate	C5H6NO2	-1	
cpd00498	2-Aceto-2-hydroxybutanoate	C6H9O4	-1	
cpd10162	(R)-3-Hydroxy-3-methyl-2-oxopentanoate	C6H9O4	-1	
cpd11514	12-methyl-trans-tetra-dec-2-enoyl-ACP	C26H47N2O8PRS	-1	
cpd11515	12-methyl-tetra-decanoyl-ACP	C26H49N2O8PRS	-2	
cpd00203	1,3-Bisphospho-D-glycerate	C3H4O10P2	-4	
cpd00867	Inositol 1-phosphate	C6H11O9P	-2	
cpd00121	L-Inositol	C6H12O6	0	
cpd00971	Na+	Na	1	
cpd00481	Isobutyryl-CoA	C25H38N7O17P3S	-4	
cpd11545	isobutyryl-ACP	C15H27N2O8PRS	-2	
cpd00282	S-Dihydroorotate	C5H5N2O4	-1	
cpd15500	Menaquinone 8	C51H72O2	0	
cpd00247	Orotate	C5H3N2O4	-1	
cpd15499	Menaquinol 8	C51H74O2	0	
cpd08301	2-C-methyl-D-erythritol2-4-cyclodiphosphate	C5H10O9P2	-2	
cpd11538	13-methyl-3-hydroxy-tetra-decanoyl-ACP	C26H49N2O9PRS	-1	
cpd00367	Cytidine	C9H13N3O5	0	
cpd15557	phosphatidylserine dioctadecanoyl	C42H80NO10P	-2	
cpd15533	phosphatidylethanolamine dioctadecanoyl	C41H82NO8P	0	
cpd05640	2-Chloro-4-hydroxy-6-amino-1,3,5-triazine	C3H3N4OCl	0	
cpd00099	Cl-	Cl	-1	
cpd05639	Ammelide	C3H4N4O2	0	
cpd01357	(R)-Mandelate	C8H7O3	-1	
cpd01447	Benzoylformate	C8H5O3	-1	
cpd00286	Undecaprenylphosphate	C55H89O4P	-2	
cpd02862	UDPMurAc(oyl-L-Ala-D-gamma-Glu-L-Lys-D-Ala-D-Ala)	C40H62N9O26P2	-3	
cpd02948	MurAc(oyl-L-Ala-D-gamma-Glu-L-Lys-D-Ala-D-Ala)-diphospho- undecaprenol	C86H140N7O21P2	-3	
cpd02857	DAHP	C7H10O10P	-3	
cpd00699	5-Dehydroquinate	C7H9O6	-1	
cpd04539	2-Amino-3-oxo-4-phosphonooxybutyrate	C4H6NO7P	-2	
cpd11468	Dodecanoyl-ACP	C23H44N2O8PRS	-2	
cpd11469	(2E)-Dodecenoyl-[acp]	C23H41N2O8PRS	-2	
cpd00058	Cu2+	Cu	2	
cpd01489	beta-Alanopine	C6H10NO4	-1	
cpd00085	beta-Alanine	C3H7NO2	0	
cpd00087	Tetrahydrofolate	C19H21N7O6	-2	
cpd00802	D-fructose-1-phosphate	C6H11O9P	-2	
cpd02152	L-Argininosuccinate	C10H17N4O6	-1	
cpd00051	L-Arginine	C6H15N4O2	1	
cpd00641	L-Histidinol	C6H12N3O	1	
cpd00426	Homogentisate	C8H7O4	-1	
cpd00763	4-Maleylacetoacetate	C8H6O6	-2	
cpd15687	CDP-1,2-dianteisopentadecanoylglycerol	C42H75N3O15P2	-2	
cpd15693	Dianteisopentadecanoylphosphatidylserine	C36H68NO10P	-2	
cpd11549	4-methyl-pentanoyl-ACP	C17H31N2O8PRS	-1	
cpd11550	6-methyl-3-oxo-heptanoyl-ACP	C19H33N2O9PRS	-1	
cpd00626	dTDPglucose	C16H24N2O16P2	-2	
cpd00220	Riboflavin	C17H19N4O6	-1	
cpd00739	Reduced riboflavin	C17H22N4O6	0	
cpd08286	2-C-methyl-D-erythritol4-phosphate	C5H11O7P	-2	
cpd00128	Adenine	C5H5N5	0	
cpd02978	7,8-Dihydroneopterin 3'-triphosphate	C9H13N5O13P3	-3	
cpd03666	2,5-Diamino-6-(5'-triphosphoryl-3',4'-trihydroxy-2'-oxopentyl)- amino-4-oxopyrimidine	C9H15N5O14P3	-3	
cpd03607	4-(Phosphonooxy)-threonine	C4H8NO7P	-2	
cpd02893	5'-Phosphoribosyl-4-carboxy-5-aminoimidazole	C9H12N3O9P	-2	
cpd02140	AIR	C8H13N3O7P	-1	
cpd01061	Geranial	C10H16O	0	
cpd15165	Geranic acid	C10H15O2	-1	
cpd11554	8-methyl-3-oxo-nonanoyl-ACP	C21H37N2O9PRS	-1	
cpd11555	8-methyl-3-hydroxy-nonanoyl-ACP	C21H39N2O9PRS	-1	
cpd00184	Thymidine	C10H14N2O5	0	
cpd00357	TTP	C10H14N2O14P3	-3	
cpd00297	dTDP	C10H14N2O11P2	-2	
cpd02691	2-methyl-3-hydroxy-butyryl-CoA	C26H40N7O18P3S	-4	
cpd02124	2-Methylacetoacetyl-CoA	C26H38N7O18P3S	-4	
cpd00216	Chorismate	C10H8O6	-2	
cpd15746	Palmitoyllipoteichoic acid (n=24), linked, unsubstituted	C119H232O135P24	-24	
cpd15764	Palmitoyllipoteichoic acid (n=24), linked, N-acetyl-D-glucosamine	C311H544N24O255P24	-24	
cpd00861	UDP-N-acetyl-D-mannosamine	C17H25N3O17P2	-2	
cpd00946	Undecaprenyl diphospho N-acetyl-glucosamine	C63H103NO12P2	-2	
cpd02967	N-Acetyl-beta-D-mannosaminyl-1,4-N-acetyl-D- glucosaminyldiphosphoundecaprenol	C71H116N2O17P2	-2	
cpd11588	gly-pro-L	C7H12N2O3	0	
cpd00129	L-Proline	C5H9NO2	0	
cpd02125	Tiglyl-CoA	C26H38N7O17P3S	-4	
cpd11341	gamma-glutamyl-gamma-butyraldehyde	C9H16N2O4	0	
cpd11408	gamma-Glutamyl-GABA	C9H15N2O5	-1	
cpd11438	fa4	C15H29O2	-1	
cpd11570	3-Oxooctodecanoyl-ACP	C29H53N2O9PRS	-1	
cpd11571	3-Hydroxyoctodecanoyl-ACP	C29H55N2O9PRS	-1	
cpd01306	Cycloartenol	C30H50O	0	
cpd00019	S-Adenosyl-homocysteine	C14H20N6O5S	0	
cpd05727	24-Methylenecycloartanol	C31H52O	0	
cpd00134	Palmitoyl-CoA	C37H62N7O17P3S	-4	
cpd00365	Retinol	C20H30O	0	
cpd01691	Retinol palmitate	C36H60O2	0	
cpd01324	L-Histidinal	C6H10N3O	1	
cpd00871	D-Ribulose 1,5-bisphosphate	C5H8O11P2	-4	
cpd15325	1-dodecanoyl-sn-glycerol 3-phosphate	C15H29O7P	-2	
cpd15521	1,2-didodecanoyl-sn-glycerol 3-phosphate	C27H52O8P	-1	
cpd15679	1,2-diisotetradecanoyl-sn-glycerol 3-phosphate	C31H60O8P	-1	
cpd00501	beta-D-Glucose 1-phosphate	C6H11O9P	-2	
cpd01651	L-3-Cyanoalanine	C4H6N2O2	0	
cpd03407	gamma-Glutamyl-beta-cyanoalanine	C9H12N3O5	-1	
cpd01502	Citraconate	C5H4O4	-2	
cpd03593	D-erythro-3-Methylmalate	C5H6O5	-2	
cpd00497	XMP	C10H11N4O9P	-2	
cpd00126	GMP	C10H12N5O8P	-2	
cpd00224	L-Arabinose	C5H10O5	0	
cpd00397	L-Ribulose	C5H10O5	0	
cpd00275	L-Kynurenine	C10H12N2O3	0	
cpd00957	2,5-Diamino-6-(5'-phosphoribosylamino)-4-pyrimidineone	C9H14N5O8P	-2	
cpd00449	Dihydrolipoamide	C8H17NOS2	0	
cpd00863	beta-D-Glucose 6-phosphate	C6H11O9P	-2	
cpd00159	L-Lactate	C3H5O3	-1	
cpd00143	Phenylpyruvate	C9H7O3	-1	
cpd03480	2-Hydroxyphenylacetate	C8H7O3	-1	
cpd11553	6-methyl-heptanoyl-ACP	C19H35N2O8PRS	-1	
cpd00186	D-Glutamate	C5H8NO4	-1	
cpd01512	5-Oxo-D-proline	C5H6NO3	-1	
cpd00822	O-Succinyl-L-homoserine	C8H12NO6	-1	
cpd00036	Succinate	C4H4O4	-2	
cpd11620	Reducedferredoxin	Fe2R4S6	4	
cpd11621	Oxidizedferredoxin	Fe2R4S6	6	
cpd03518	Formamidopyrimidine nucleoside triphosphate	C10H15N5O15P3	-3	
cpd03519	2,5-Diaminopyrimidine nucleoside triphosphate	C9H15N5O14P3	-3	
cpd15268	Octadecanoyl-ACP	C29H55N2O8PRS	-2	
cpd15329	1-octadecanoyl-sn-glycerol 3-phosphate	C21H41O7P	-2	
cpd15704	1,2-Diisopentadecanoyl-sn-glycerol	C33H64O5	0	
cpd15680	1,2-diisopentadecanoyl-sn-glycerol 3-phosphate	C33H64O8P	-1	
cpd00507	Glycerophosphocholine	C8H20NO6P	0	
cpd00098	Choline	C5H14NO	1	
cpd15753	Anteisopentadecanoyllipoteichoic acid (n=24), linked, unsubstituted	C117H228O135P24	-24	
cpd15771	Anteisopentadecanoyllipoteichoic acid (n=24), linked, N-acetyl-D-glucosamine	C309H540N24O255P24	-24	
cpd00790	O-Acetyl-L-homoserine	C6H11NO4	0	
cpd03963	Biuret	C2H5N3O2	0	
cpd00073	Urea	CH4N2O	0	
cpd11474	Decanoyl-ACP	C21H40N2O8PRS	-2	
cpd11489	3-oxododecanoyl-acp	C23H42N2O9PRS	-2	
cpd00355	Nicotinamide ribonucleotide	C11H14N2O8P	-1	
cpd11506	8-methyl-trans-dec-2-enoyl-ACP	C22H39N2O8PRS	-1	
cpd11507	8-methyl-decanoyl-ACP	C22H41N2O8PRS	-1	
cpd00105	D-Ribose	C5H10O5	0	
cpd03118	(S)-Hydroxydecanoyl-CoA	C31H50N7O18P3S	-4	
cpd03129	(2E)-Decenoyl-CoA	C31H48N7O17P3S	-4	
cpd00347	5-10-Methenyltetrahydrofolate	C20H20N7O6	-1	
cpd11476	hexadecanoyl-acp	C27H51N2O8PRS	-2	
cpd15526	1,2-dioctadecanoyl-sn-glycerol 3-phosphate	C39H76O8P	-1	
cpd15312	1,2-Diacyl-sn-glycerol dioctadec-11-enoyl	C39H72O5	0	
cpd15527	1,2-dioctadec-11-enoyl-sn-glycerol 3-phosphate	C39H72O8P	-1	
cpd15309	1,2-Diacyl-sn-glycerol dihexadecanoyl	C35H68O5	0	
cpd15524	1,2-dihexadecanoyl-sn-glycerol 3-phosphate	C35H68O8P	-1	
cpd03116	(S)-3-Hydroxydodecanoyl-CoA	C33H54N7O18P3S	-4	
cpd02060	(2E)-Dodecenoyl-CoA	C33H52N7O17P3S	-4	
cpd00695	2-Oxoglutaramate	C5H6NO4	-1	
cpd11568	14-methyl-trans-pentadec-2-enoyl-ACP	C27H49N2O8PRS	-1	
cpd11569	14-methyl-pentadecanoyl-ACP	C27H51N2O8PRS	-2	
cpd15606	Gly-Tyr	C11H14N2O4	0	
cpd00069	L-Tyrosine	C9H11NO3	0	
cpd11546	4-methyl-3-oxo-pentanoyl-ACP	C17H29N2O9PRS	-1	
cpd11547	4-methyl-3-hydroxy-pentanoyl-ACP	C17H31N2O9PRS	-1	
cpd11539	13-methyl-trans-tetra-dec-2-enoyl-ACP	C26H47N2O8PRS	-1	
cpd15364	2'-(5''-triphosphoribosyl)-3'-dephospho-CoA	C26H41N7O26P5S	-5	
cpd00232	Neu5Ac	C11H18NO9	-1	
cpd01743	Cerebroside	C25H46NO8R	0	
cpd03653	GM4	C36H62N2O16R	-1	
cpd15674	1-isopentadecanoyl-sn-glycerol 3-phosphate	C18H36O7P	-1	
cpd11491	3-oxotetradecanoyl-acp	C25H46N2O9PRS	-2	
cpd01318	Glycocholate	C26H42NO6	-1	
cpd00526	Cholate	C24H39O5	-1	
cpd11558	10-methyl-3-oxo-undecanoyl-ACP	C23H41N2O9PRS	-1	
cpd11559	10-methyl-3-hydroxy-undecanoyl-ACP	C23H43N2O9PRS	-1	
cpd00343	N-Carbamoyl-L-aspartate	C5H6N2O5	-2	
cpd00078	Succinyl-CoA	C25H35N7O19P3S	-5	
cpd00227	L-Homoserine	C4H9NO3	0	
cpd00346	L-Aspartate4-semialdehyde	C4H7NO3	0	
cpd09027	5-Hydroxy-2-oxo-4-ureido-2,5-dihydro-1H-imidazole-5-carboxylate	C5H5N4O5	-1	
cpd01567	(R)-Allantoin	C4H5N4O3	-1	
cpd00175	UDP-N-acetyl-D-galactosamine	C17H25N3O17P2	-2	
cpd11521	5-methyl-3-oxo-hexanoyl-ACP	C18H31N2O9PRS	-1	
cpd11522	5-methyl-3-hydroxy-hexanoyl-ACP	C18H33N2O9PRS	-1	
cpd11912	tRNA-Glu	C10H12N5O3R	0	
cpd12227	L-Glutamyl-tRNA-Glu	C15H19N6O6R	0	
cpd00342	N-Acetylornithine	C7H14N2O3	0	
cpd00918	2-Acetamido-5-oxopentanoate	C7H10NO4	-1	
cpd03244	Taurodeoxycholate	C26H44NO6S	-1	
cpd02733	Deoxycholate	C24H39O4	-1	
cpd14698	3-Methyl-1-hydroxybutyl-TPP	C17H27N4O8P2S	-1	
cpd14699	S-(3-Methylbutanoyl)-dihydrolipoamide-E	C13H25NO2S2	0	
cpd04058	L-N2-(2-Carboxyethyl)arginine	C9H18N4O4	0	
cpd00050	FMN	C17H18N4O9P	-3	
cpd00349	Sedoheptulose 1,7-bisphosphate	C7H12O13P2	-4	
cpd00524	2-Inosose	C6H10O6	0	
cpd00338	5-Aminolevulinate	C5H9NO3	0	
cpd11580	Gly-Gln	C7H13N3O4	0	
cpd03115	(S)-3-Hydroxytetradecanoyl-CoA	C35H58N7O18P3S	-4	
cpd12689	3-Oxotetradecanoyl-CoA	C35H56N7O18P3S	-4	
cpd06707	Benzamide	C7H7NO	0	
cpd00153	Benzoate	C7H5O2	-1	
cpd11560	10-methyl-trans-undec-2-enoyl-ACP	C23H41N2O8PRS	-1	
cpd11561	10-methyl-undecanoyl-ACP	C23H43N2O8PRS	-1	
cpd11552	6-methyl-trans-hept-2-enoyl-ACP	C19H33N2O8PRS	-1	
cpd00834	Phosphopantetheine	C11H21N2O7PS	-2	
cpd00438	Deoxyadenosine	C10H13N5O3	0	
cpd00158	CELB	C12H22O11	0	
cpd00190	beta-D-Glucose	C6H12O6	0	
cpd01777	Phosphoribosyl-AMP	C15H19N5O14P2	-4	
cpd02979	phosphoribosylformiminoaicar-phosphate	C15H21N5O15P2	-4	
cpd03588	L-erythro-3-Methylmalyl-CoA	C26H38N7O20P3S	-4	
cpd03589	Mesaconyl-CoA	C26H36N7O19P3S	-4	
cpd02711	2-Keto-3-deoxy-6-phosphogluconate	C6H8O9P	-3	
cpd03043	3-Hydroxybutanoyl-CoA	C25H39N7O18P3S	-3	
cpd00089	Glucose-1-phosphate	C6H11O9P	-2	
cpd00109	Cytochrome c3+	C42H52FeN8O6S2	5	
cpd00221	D-Lactate	C3H5O3	-1	
cpd00110	Cytochrome c2+	C42H52FeN8O6S2	4	
cpd00139	Glycolate	C2H3O3	-1	
cpd00040	Glyoxalate	C2HO3	-1	
cpd03233	3alpha,7alpha,12alpha,24-Tetrahydroxy-5beta-cholestanoyl-CoA	C48H77N7O21P3S	-3	
cpd03248	3alpha,7alpha,12alpha-Trihydroxy-5beta-24-oxocholestanoyl-CoA	C48H75N7O21P3S	-3	
cpd03918	Adenosyl cobinamide	C58H87CoN16O11	4	
cpd03919	Adenosyl cobinamide phosphate	C58H86CoN16O14P	2	
cpd00322	L-Isoleucine	C6H13NO2	0	
cpd00039	L-Lysine	C6H15N2O2	1	
cpd00525	UDP-N-acetylmuramoyl-L-alanyl-D-glutamate	C28H39N5O23P2	-4	
cpd02861	UDP-N-acetylmuramoyl-L-alanyl-D-glutamyl-L-lysine	C34H52N7O24P2	-3	
cpd03126	(2E)-Hexadecenoyl-CoA	C37H60N7O17P3S	-4	
cpd00115	dATP	C10H13N5O12P3	-3	
cpd00177	dADP	C10H13N5O9P2	-2	
cpd11496	4-methyl-3-oxo-hexanoyl-ACP	C18H31N2O9PRS	-1	
cpd00301	Sterol	C17H28O	0	
cpd11624	Lecithin	C10H18NO8PR2	0	
cpd02601	2-Lysolecithin	C9H19NO7PR	0	
cpd11979	Steryl ester	C18H27O2R	0	
cpd00288	D-Glucosamine phosphate	C6H13NO8P	-1	
cpd03227	5beta-Cholestane-3alpha,7alpha,26-triol	C27H48O3	0	
cpd03228	3alpha,7alpha-Dihydroxy-5beta-cholestan-26-al	C27H46O3	0	
cpd00427	L-Arabinonate	C5H9O6	-1	
cpd00520	2-Dehydro-3-deoxy-L-pentonate	C5H7O5	-1	
cpd02535	2,3-Dihydroxy-3-methylvalerate	C6H11O4	-1	
cpd02882	4--1-D-Ribitylamino-5-aminouracil	C9H16N4O6	0	
cpd02656	6-7-Dimethyl-8--1-D-ribityllumazine	C13H17N4O6	-1	
cpd15700	Diisohexadecanoylphosphatidylethanolamine	C37H74NO8P	0	
cpd01335	Octanoyl-CoA	C29H46N7O17P3S	-4	
cpd03130	(2E)-Octenoyl-CoA	C29H44N7O17P3S	-4	
cpd11582	ala-L-Thr-L	C7H14N2O4	0	
cpd00161	L-Threonine	C4H9NO3	0	
cpd00094	2-Oxobutyrate	C4H5O3	-1	
cpd09790	3-Methylsalicylaldehyde	C8H8O2	0	
cpd09791	3-Methylsalicylate	C8H7O3	-1	
cpd02572	5-Carboxymethyl-2-hydroxymuconate	C8H5O7	-3	
cpd02507	5-Carboxy-2-oxohept-3-enedioate	C8H5O7	-3	
cpd00249	Uridine	C9H12N2O6	0	
cpd02345	L-Glutamate1-semialdehyde	C5H9NO3	0	
cpd17043	RNA transcription	null	0	
cpd01716	3-Dehydroshikimate	C7H7O5	-1	
cpd00638	Deamido-NAD	C21H24N6O15P2	-2	
cpd11475	(2E)-Decenoyl-[acp]	C21H37N2O8PRS	-2	
cpd00042	GSH	C10H16N3O6S	-1	
cpd03555	15(S)-HPETE	C20H31O4	-1	
cpd00111	Oxidized glutathione	C20H30N6O12S2	-2	
cpd02890	15(S)-HETE	C20H31O3	-1	
cpd00654	Deoxycytidine	C9H13N3O4	0	
cpd00145	Hydroxypyruvate	C3H3O4	-1	
cpd00277	Deoxyguanosine	C10H13N5O4	0	
cpd00296	dGMP	C10H12N5O7P	-2	
cpd01973	4-Guanidinobutanamide	C5H13N4O	1	
cpd00762	4-Guanidinobutanoate	C5H11N3O2	0	
cpd00309	XAN	C5H4N4O2	0	
cpd12606	Plasmenylethanolamine	C8H13NO7PR2	-1	
cpd00444	CDPethanolamine	C11H19N4O11P2	-1	
cpd12322	1-Alkenyl-2-acylglycerol	C6H8O4R2	0	
cpd01982	5-Phosphoribosylamine	C5H11NO7P	-1	
cpd02132	3-Phospho-D-erythronate	C4H7O8P	-2	
cpd02645	Phosphoenol-4-deoxy-3-tetrulosonate	C4H5O7P	-2	
cpd08288	2-phospho-4--cytidine5-diphospho-2-C-methyl-D-erythritol	C14H22N3O17P3	-4	
cpd12273	1-Alkyl-2-acylglycerol	C4H6O4R2	0	
cpd12554	1-Alkyl-2-acylglycerophosphoethanolamine	C6H11NO7PR2	-1	
cpd15277	Palmitoyl-ACP	C27H51N2O8PRS	-2	
cpd15327	1-hexadecanoyl-sn-glycerol 3-phosphate	C19H38O7P	-1	
cpd15421	CDP-1,2-dioctadecanoylglycerol	C48H87N3O15P2	-2	
cpd08316	D-Glycero-D-manno-heptose1-7-bisphosphate	C7H12O13P2	-4	
cpd04920	D-Glycero-D-manno-heptose1-phosphate	C7H13O10P	-2	
cpd02991	phosphoribulosylformimino-AICAR-phosphate	C15H22N5O15P2	-3	
cpd00587	D-Cysteine	C3H7NO2S	0	
cpd15684	CDP-1,2-dianteisoheptadecanoylglycerol	C46H83N3O15P2	-2	
cpd15690	Dianteisoheptadecanoylphosphatidylserine	C40H76NO10P	-2	
cpd00378	Formamide	CH3NO	0	
cpd00150	HCN	CHN	0	
cpd11481	R-3-hydroxypalmitoyl-acyl-carrierprotein-	C27H51N2O9PRS	-1	
cpd11485	3-oxohexadecanoyl-acp	C27H50N2O9PRS	-2	
cpd12370	apo-ACP	HOR	0	
cpd02663	2,5-Diketo-3-deoxy-D-gluconate	C6H7O6	-1	
cpd11508	10-methyl-3-oxo-dodecanoyl-ACP	C24H43N2O9PRS	-1	
cpd03375	3-Hydroxypropanoyl-CoA	C24H37N7O18P3S	-3	
cpd00663	Acrylyl-CoA	C24H35N7O17P3S	-3	
cpd00043	UDP-galactose	C15H22N2O17P2	-2	
cpd02745	alpha-D-Galactosyl-diphosphoundecaprenol	C61H100O12P2	-2	
cpd00191	3-Oxopropanoate	C3H3O3	-1	
cpd02311	4-Imidazolone-5-propanoate	C6H6N2O3	-2	
cpd08375	Cobalt-precorrin 8	C45H53CoN4O14	-5	
cpd03421	Cobyrinate	C45H55CoN4O14	-3	
cpd02787	16-Methoxy-2,3-dihydro-3-hydroxytabersonine	C22H28N2O4	0	
cpd01736	Deacetoxyvindoline	C23H30N2O4	0	
cpd00285	Phosphoethanolamine	C2H7NO4P	-1	
cpd00299	dUMP	C9H11N2O8P	-2	
cpd00843	Tartronate semialdehyde	C3H3O4	-1	
cpd15603	Gly-Cys	C5H10N2O3S	0	
cpd11435	fa1coa	C35H59N7O17P3S	-3	
cpd15673	1-isotetradecanoyl-sn-glycerol 3-phosphate	C17H34O7P	-1	
cpd12115	Arabinan	C15H26O13	0	
cpd15417	CDP-1,2-didodecanoylglycerol	C36H63N3O15P2	-2	
cpd16434	5-Fluorodihydrouracil	C4H5N2O2F	0	
cpd16435	2-Fluoro-3-ureidopropionic acid	C4H6N2O3F	-1	
cpd11480	D-3-Hydroxydodecanoyl-[acp]	C23H43N2O9PRS	-2	
cpd00065	L-Tryptophan	C11H12N2O2	0	
cpd00318	Tryptamine	C10H13N2	1	
cpd00152	Agmatine	C5H16N4	2	
cpd02083	CoproporphyrinogenIII	C36H40N4O8	-4	
cpd00791	ProtoporphyrinogenIX	C34H38N4O4	-2	
cpd01345	Taurocyamine	C3H9N3O3S	0	
cpd11525	7-methyl-3-oxo-octanoyl-ACP	C20H35N2O9PRS	-1	
cpd11526	7-methyl-3-hydroxy-octanoyl-ACP	C20H37N2O9PRS	-1	
cpd09802	2-Naphthaldehyde	C11H8O	0	
cpd09804	2-Naphthoic acid	C11H7O2	-1	
cpd00862	alpha-D-Hexose 1-phosphate	C6H12O9P	-1	
cpd02340	alpha-D-Hexose 6-phosphate	C6H12O9P	-1	
cpd04122	Aminoacetaldehyde	C2H6NO	1	
cpd08279	1-Hydroxy-2-naphthaldehyde	C11H8O2	0	
cpd00472	UDPgalacturonate	C15H19N2O18P2	-3	
cpd02074	2-Oxo-6-aminocaproate	C6H11NO3	0	
cpd00922	delta1-Piperideine-2-carboxylate	C6H8NO2	-1	
cpd00055	Formaldehyde	CH2O	0	
cpd04105	Mycothiol	C17H30N2O12S	0	
cpd04106	S-Formylmycothiol	C18H30N2O13S	0	
cpd01441	Acetyl-maltose	C14H24O12	0	
cpd11587	Ala-Gln	C8H15N3O4	0	
cpd02835	UDP-2,3-bis(3-hydroxytetradecanoyl)glucosamine	C43H75N3O20P2	-2	
cpd02930	Lipid X	C34H64NO12P	-2	
cpd00687	Isonocardicin A	C23H23N4O9	-1	
cpd01332	Nocardicin A	C23H23N4O9	-1	
cpd02685	N-acetyl-LL-2,6-diaminopimelate	C9H15N2O5	-1	
cpd11583	Ala-Leu	C9H18N2O3	0	
cpd00107	L-Leucine	C6H13NO2	0	
cpd02828	5-Carboxymethyl-2-hydroxymuconic semialdehyde	C8H6O6	-2	
cpd00809	O-Phospho-L-homoserine	C4H8NO6P	-2	
cpd04015	trans-3-Chloro-2-propene-1-ol	C3H5OCl	0	
cpd04017	3-Chloroallyl aldehyde	C3H3OCl	0	
cpd02414	L-2-Amino-6-oxopimelate	C7H10NO5	-1	
cpd02465	tetrahydrodipicolinate	C7H7NO4	-2	
cpd15662	Prenol-45n teichoic acid-glucose substituted	C476H836N2O467P47	-47	
cpd15666	Peptidoglycan polymer (n-1 subunits)	C40H63N8O21R	-2	
cpd15669	glycerol teichoic acid (n=45), linked, glucose substituted	C461H809N10O484P46R	-48	
cpd08287	4--cytidine5-diphospho-2-C-methyl-D-erythritol	C14H23N3O14P2	-2	
cpd15552	phosphatidylserine didodecanoyl	C30H56NO10P	-2	
cpd15528	phosphatidylethanolamine didodecanoyl	C29H58NO8P	0	
cpd00114	IMP	C10H11N4O8P	-2	
cpd00028	Heme	C34H30FeN4O4	-2	
cpd11313	hemeO	C49H56FeN4O5	-2	
cpd02197	5-Formyltetrahydrofolate	C20H21N7O7	-2	
cpd03231	3alpha,7alpha,24-Trihydroxy-5beta-cholestanoyl-CoA	C48H77N7O20P3S	-3	
cpd03232	3alpha,7alpha-Dihydroxy-5beta-24-oxocholestanoyl-CoA	C48H75N7O20P3S	-3	
cpd11532	9-methyl-decanoyl-ACP	C22H41N2O8PRS	-1	
cpd11533	11-methyl-3-oxo-dodecanoyl-ACP	C24H43N2O9PRS	-1	
cpd00241	dGTP	C10H13N5O13P3	-3	
cpd00421	Triphosphate	H2O10P3	-3	
cpd11592	gly-glu-L	C7H11N2O5	-1	
cpd02484	Inositol 3-phosphate	C6H11O9P	-2	
cpd00280	D-Galacturonate	C6H9O7	-1	
cpd00437	D-Tagaturonate	C6H9O7	-1	
cpd00932	5-O--1-Carboxyvinyl-3-phosphoshikimate	C10H9O10P	-4	
cpd11679	Secondary alcohol	CH2OR2	0	
cpd11733	Ketone	COR2	0	
cpd03127	(2E)-Tetradecenoyl-CoA	C35H56N7O17P3S	-4	
cpd09793	1-Naphthaldehyde	C11H8O	0	
cpd09794	1-Naphthoic acid	C11H7O2	-1	
cpd00092	Uracil	C4H4N2O2	0	
cpd00859	Pseudouridine 5'-phosphate	C9H11N2O9P	-2	
cpd11433	fa12	C17H33O2	-1	
cpd11434	fa12coa	C38H65N7O17P3S	-3	
cpd04016	cis-3-Chloro-2-propene-1-ol	C3H5OCl	0	
cpd15064	cis-3-Chloroallyl aldehyde	C3H3OCl	0	
cpd00907	alpha-D-glucose-1,6-biphosphate	C6H12O12P2	-2	
cpd11465	But-2-enoyl-[acyl-carrier protein]	C15H25N2O8PRS	-1	
cpd17041	Protein biosynthesis	null	0	
cpd02708	cis-2-Methyl-5-isopropylhexa-2,5-dienal	C10H16O	0	
cpd08741	cis-2-Methyl-5-isopropylhexa-2,5-dienoic acid	C10H15O2	-1	
cpd11566	14-methyl-3-oxo-pentadecanoyl-ACP	C27H49N2O9PRS	-1	
cpd11567	14-methyl-3-hydroxy-pentadecanoyl-ACP	C27H51N2O9PRS	-1	
cpd00049	Carboxylic acid	CO2R	-1	
cpd16401	4-Hydroxy-5-phenyltetrahydro-1,3-oxazin-2-one	C10H11NO3	0	
cpd16402	5-Phenyl-1,3-oxazinane-2,4-dione	C10H9NO3	0	
cpd00477	N-Acetyl-L-glutamate	C7H9NO5	-2	
cpd02552	n-acetylglutamyl-phosphate	C7H9NO8P	-3	
cpd15699	Dianteisopentadecanoylphosphatidylethanolamine	C35H70NO8P	0	
cpd00295	dGDP	C10H13N5O10P2	-2	
cpd02616	dTDP-4-amino-4,6-dideoxy-D-glucose	C16H26N3O14P2	-1	
cpd02964	UDP-N-acetylmuramoyl-L-alanyl-D-gamma-glutamyl-meso-2-6-diaminopimelate	C35H51N7O26P2	-4	
cpd00207	Guanine	C5H5N5O	0	
cpd15353	2-Demethylmenaquinol 8	C50H72O2	0	
cpd15352	2-Demethylmenaquinone 8	C50H70O2	0	
cpd08371	Cobalt-precorrin 5	C45H46CoN4O16	-6	
cpd14960	Cobalt-precorrin 5B	C43H44CoN4O16	-6	
cpd00599	SALC	C7H5O3	-1	
cpd00077	Catechol	C6H6O2	0	
cpd11500	6-methyl-3-oxo-octanoyl-ACP	C20H35N2O9PRS	-1	
cpd11501	6-methyl-3-hydroxy-octanoyl-ACP	C20H37N2O9PRS	-1	
cpd02658	N(alpha)-Benzyloxycarbonyl-L-leucine	C14H18NO4	-1	
cpd00435	Phenylcarbinol	C7H8O	0	
cpd15532	phosphatidylethanolamine dihexadec-9enoyl	C37H70NO8P	0	
cpd00164	Glucuronate	C6H9O7	-1	
cpd00361	ACTN	C4H8O2	0	
cpd01221	(S)-Acetoin	C4H8O2	0	
cpd00180	Oxalate	C2O4	-2	
cpd00706	Mercaptopyruvate	C3H3O3S	-1	
cpd11482	(R)-3-Hydroxydecanoyl-[acyl-carrier protein]	C21H40N2O9PRS	-2	
cpd11487	3-oxodecanoyl-acp	C21H38N2O9PRS	-2	
cpd02843	D-erythro-imidazol-glycerol-phosphate	C6H9N2O6P	-2	
cpd02851	AICAR	C9H13N4O8P	-2	
cpd15294	Tetradecenoyl-ACP	C25H45N2O8PRS	-1	
cpd15330	1-tetradec-7-enoyl-sn-glycerol 3-phosphate	C17H32O7P	-1	
cpd00238	Sedoheptulose7-phosphate	C7H13O10P	-2	
cpd11565	12-methyl-tridecanoyl-ACP	C25H47N2O8PRS	-2	
cpd15525	1,2-dihexadec-9-enoyl-sn-glycerol 3-phosphate	C35H64O8P	-1	
cpd12116	alpha-L-Fucoside	C6H11O5R	0	
cpd00057	Alcohol	HOR	0	
cpd00751	L-Fucose	C6H12O5	0	
cpd03052	Imidazole acetaldehyde	C5H6N2O	0	
cpd01831	4-Imidazoleacetate	C5H5N2O2	-1	
cpd02315	6-Pyruvoyltetrahydropterin	C9H11N5O3	0	
cpd02996	GM2	C50H85N3O26R	-1	
cpd03656	GA2	C39H69N2O18R	0	
cpd02692	2-Amino-3-carboxymuconate semialdehyde	C7H5NO5	-2	
cpd03657	GA1	C45H79N2O23R	0	
cpd15681	1,2-dianteisopentadecanoyl-sn-glycerol 3-phosphate	C33H64O8P	-1	
cpd11479	D-3-Hydroxyhexanoyl-[acp]	C17H31N2O9PRS	-2	
cpd00328	Streptomycin	C21H42N7O12	3	
cpd00838	Streptomycin 6-phosphate	C21H42N7O15P	2	
cpd02921	SAICAR	C13H16N4O12P	-3	
cpd08211	trans,trans,cis-Geranylgeranyl diphosphate	C20H34O7P2	-2	
cpd11512	12-methyl-3-oxo-tetra-decanoyl-ACP	C26H47N2O9PRS	-1	
cpd11513	12-methyl-3-hydroxy-tetra-decanoyl-ACP	C26H49N2O9PRS	-1	
cpd00413	Glutaryl-CoA	C26H38N7O19P3S	-4	
cpd00650	Crotonyl-CoA	C25H36N7O17P3S	-4	
cpd04806	Aldophosphamide	C7H15N2O3PCl2	0	
cpd16365	Alcophosphamide	C7H17N2O3PCl2	0	
cpd03279	Deoxyinosine	C10H12N4O4	0	
cpd01560	beta-Alanyl-CoA	C24H39N8O17P3S	-2	
cpd02693	3-Isopropylmalate	C7H10O5	-2	
cpd01710	2-Isopropylmaleate	C7H8O4	-2	
cpd02605	2-isopropyl-3-oxosuccinate	C7H8O5	-2	
cpd15706	1,2-Diisohexadecanoyl-sn-glycerol	C35H68O5	0	
cpd00120	Butyryl-CoA	C25H38N7O17P3S	-4	
cpd01844	Propionyl phosphate	C3H5O5P	-2	
cpd00616	Pretyrosine	C10H12NO5	-1	
cpd15311	1,2-Diacyl-sn-glycerol dioctadecanoyl	C39H76O5	0	
cpd03831	ADP-L-glycero-D-manno-heptose	C17H25N5O16P2	-2	
cpd15485	heptosyl-kdo2-lipidA	C117H211N2O45P2	-5	
cpd15484	heptosyl-heptosyl-kdo2-lipidA	C124H223N2O51P2	-5	
cpd03293	Biocytin	C16H28N4O4S	0	
cpd00423	Vitamin B12r	C62H91CoN13O14P	3	
cpd00141	Propionate	C3H5O2	-1	
cpd03560	Propionyladenylate	C13H17N5O8P	-1	
cpd15672	1-anteisoheptadecanoyl-sn-glycerol 3-phosphate	C20H40O7P	-1	
cpd18007	Leachianone G	C20H20O6	0	
cpd18036	Sophoraflavanone G	C25H28O6	0	
cpd00873	Nicotinate ribonucleotide	C11H12NO9P	-2	
cpd00117	D-Alanine	C3H7NO2	0	
cpd11519	14-methyl-hexa-decanoyl-ACP	C28H53N2O8PRS	-2	
cpd15604	Gly-Leu	C8H16N2O3	0	
cpd11516	14-methyl-3-oxo-hexa-decanoyl-ACP	C28H51N2O9PRS	-1	
cpd11517	14-methyl-3-hydroxy-hexa-decanoyl-ACP	C28H53N2O9PRS	-1	
cpd11494	Acetyl-ACP	C13H24N2O8PRS	-2	
cpd11488	Acetoacetyl-ACP	C15H26N2O9PRS	-2	
cpd01914	L-Methionine S-oxide	C5H11NO3S	0	
cpd00451	Glycocyamine	C3H7N3O2	0	
cpd11524	5-methyl-hexanoyl-ACP	C18H33N2O8PRS	-1	
cpd00146	Carbamoylphosphate	CH2NO5P	-2	
cpd01859	(2-Naphthyl)methanol	C11H10O	0	
cpd03161	Phenethylamine	C8H12N	1	
cpd14940	(2E)-Octadecenoyl-[acp]	C29H54N2O8PRS	-2	
cpd12458	Stearoyl-[acyl-carrier protein]	C29H56N2O8PRS	-2	
cpd00045	Adenosine 3-5-bisphosphate	C10H11N5O10P2	-4	
cpd12403	6-Phospho-beta-D-galactoside	C6H11O9PR	-1	
cpd00818	6-Phospho-D-galactose	C6H11O9P	-2	
cpd14703	S-(2-Methylbutanoyl)-dihydrolipoamide-E	C13H25NO2S2	0	
cpd00978	dUDP	C9H12N2O11P2	-2	
cpd00358	dUTP	C9H12N2O14P3	-3	
cpd00773	UDP-MurNAc	C20H28N3O19P2	-3	
cpd00890	UDP-N-acetylmuramoyl-L-alanine	C23H33N4O20P2	-3	
cpd02884	FAICAR	C10H13N4O9P	-2	
cpd00195	1-Alcohol	CH3OR	0	
cpd11616	RCHO	CHOR	0	
cpd00482	2-Phospho-D-glycerate	C3H4O7P	-3	
cpd11586	ala-L-glu-L	C8H13N2O5	-1	
cpd00885	Phytate	C6H12O24P6	-6	
cpd02788	Inositol 1,2,3,5,6-pentakisphosphate	C6H12O21P5	-5	
cpd03128	Decanoyl-CoA	C31H50N7O17P3S	-4	
cpd15237	hexadecenoate	C16H29O2	-1	
cpd15238	Hexadecenoyl-CoA	C37H61N7O17P3S	-3	
cpd01974	4-Hydroxy-L-glutamate	C5H8NO5	-1	
cpd00830	4-Hydroxy-2-oxoglutarate	C5H4O6	-2	
cpd01017	Cys-Gly	C5H10N2O3S	0	
cpd00485	D-Mannose1-phosphate	C6H11O9P	-2	
cpd01482	UDP-glucosamine	C15H24N3O16P2	-1	
cpd01623	UDP-galactosamine	C15H24N3O16P2	-1	
cpd11534	11-methyl-3-hydroxy-dodecanoyl-ACP	C24H45N2O9PRS	-1	
cpd02678	N-Formyl-GAR	C8H13N2O9P	-2	
cpd02394	GAR	C7H14N2O8P	-1	
cpd11209	N-Acetyl-L-citrulline	C8H14N3O4	-1	
cpd15692	Diisopentadecanoylphosphatidylserine	C36H68NO10P	-2	
cpd15698	Diisopentadecanoylphosphatidylethanolamine	C35H70NO8P	0	
cpd11593	ala-L-asp-L	C7H11N2O5	-1	
cpd02230	Inositol 4-phosphate	C6H11O9P	-2	
cpd03119	3-Oxodecanoyl-CoA	C31H48N7O18P3S	-4	
cpd01871	3-Methylcatechol	C7H8O2	0	
cpd00608	D-Altronate	C6H11O7	-1	
cpd03584	UDP-3-O-(beta-hydroxymyristoyl)-D-glucosamine	C29H50N3O18P2	-1	
cpd11484	HMA	C25H47N2O9PRS	-1	
cpd02187	Methacrylyl-CoA	C25H36N7O17P3S	-4	
cpd03572	(S)-3-Hydroxyisobutyryl-CoA	C25H38N7O18P3S	-4	
cpd02528	UDP-4-oxo-6-deoxy-D-glucose	C15H20N2O16P2	-2	
cpd00251	ADPribose	C15H21N5O14P2	-2	
cpd11542	15-methyl-3-hydroxy-hexa-decanoyl-ACP	C28H53N2O9PRS	-1	
cpd00254	Mg	Mg	2	
cpd11499	4-methyl-hexanoyl-ACP	C18H33N2O8PRS	-1	
cpd09844	(3S)-3-Hydroxyadipyl-CoA	C27H39N7O20P3S	-5	
cpd01507	3-Oxoadipyl-CoA	C27H42N7O20P3S	-4	
cpd11470	Octanoyl-ACP	C19H36N2O8PRS	-2	
cpd11471	(2E)-Octenoyl-[acp]	C19H34N2O8PRS	-2	
cpd00284	6-Phospho-D-gluconate	C6H10O10P	-3	
cpd01419	Ureidoglycine	C3H7N3O3	0	
cpd00465	Ureidoglycolate	C3H5N2O4	-1	
cpd00205	K+	K	1	
cpd03365	5-(2'-Formylethyl)-4,6-dihydroxypicolinate	C9H8NO5	-1	
cpd03366	5-(2'-Carboxyethyl)-4,6-dihydroxypicolinate	C9H7NO6	-2	
cpd00888	N-Methylethanolamine phosphate	C3H9NO4P	-1	
cpd02200	CDP-N-methylethanolamine	C12H21N4O11P2	-1	
cpd00334	L-Lactaldehyde	C3H6O2	0	
cpd00800	8-Amino-7-oxononanoate	C9H17NO3	0	
cpd00764	7-8-Diaminononanoate	C9H21N2O2	1	
cpd02701	S-Adenosyl-4-methylthio-2-oxobutanoate	C15H19N5O6S	0	
cpd01664	Cholesterol ester	C28H45O2R	0	
cpd00160	Cholesterol	C27H46O	0	
cpd11825	Octadecenoyl-ACP	C29H53N2O8PRS	-1	
cpd15328	1-octadec-11-enoyl-sn-glycerol 3-phosphate	C21H40O7P	-1	
cpd15053	3-Hydroxy-OPC4-CoA	C35H53N7O19P3S	-3	
cpd15054	3-Oxo-OPC4-CoA	C35H51N7O19P3S	-3	
cpd00294	dAMP	C10H12N5O6P	-2	
cpd02642	N-5-phosphoribosyl-anthranilate	C12H13NO9P	-3	
cpd00956	1-(2-carboxyphenylamino)-1-deoxyribulose 5-phosphate	C12H13NO9P	-3	
cpd11535	11-methyl-trans-dodec-2-enoyl-ACP	C24H43N2O8PRS	-1	
cpd00363	Ethanol	C2H6O	0	
cpd00891	L-methylmalonyl-CoA	C25H35N7O19P3S	-5	
cpd01530	Dichloromethane	CH2Cl2	0	
cpd00738	phosphoserine	C3H6NO6P	-2	
cpd15701	1,2-Diisoheptadecanoyl-sn-glycerol	C37H72O5	0	
cpd03646	gamma-Glutamyl-3-aminopropiononitrile	C8H13N3O3	0	
cpd00774	UroporphyrinogenIII	C40H36N4O16	-8	
cpd11206	Precorrin 1	C41H38N4O16	-8	
cpd03247	Glycochenodeoxycholate	C26H42NO5	-1	
cpd15634	teichuronic acid (GlcA+GalNac, 45 repeating unit)	C630H945N45O630P45	-45	
cpd06739	(R)-(+)-Citronellal	C10H18O	0	
cpd15166	Citronellate	C10H17O2	-1	
cpd00447	Betaine aldehyde	C5H12NO	1	
cpd15555	phosphatidylserine dihexadecanoyl	C38H72NO10P	-2	
cpd15531	phosphatidylethanolamine dihexadecanoyl	C37H74NO8P	0	
cpd00272	GDP-L-fucose	C16H23N5O15P2	-2	
cpd00668	ALCTT	C5H7O4	-1	
cpd02569	2-Oxo-3-hydroxyisovalerate	C5H7O4	-1	
cpd03455	3-Mercaptolactate	C3H5O3S	-1	
cpd00392	Phycite	C4H10O4	0	
cpd02203	D-Erythritol 4-phosphate	C4H10O7P	-1	
cpd00931	5-Amino-6--5-phosphoribosylaminouracil	C9H13N4O9P	-2	
cpd00076	Sucrose	C12H22O11	0	
cpd00082	D-Fructose	C6H12O6	0	
cpd11478	(R)-3-Hydroxybutanoyl-[acyl-carrier protein]	C15H27N2O9PRS	-1	
cpd15752	Isopentadecanoyllipoteichoic acid (n=24), linked, unsubstituted	C117H228O135P24	-24	
cpd15770	Isopentadecanoyllipoteichoic acid (n=24), linked, N-acetyl-D-glucosamine	C309H540N24O255P24	-24	
cpd08625	5-Hydroxyisourate	C5H4N4O4	0	
cpd03706	UppppU	C18H22N4O23P4	-4	
cpd00215	Pyridoxal	C8H9NO3	0	
cpd15676	1-isohexadecanoyl-sn-glycerol 3-phosphate	C19H38O7P	-1	
cpd00588	Sorbitol	C6H14O6	0	
cpd00214	Palmitate	C16H31O2	-1	
cpd03120	(S)-Hydroxyoctanoyl-CoA	C29H46N7O18P3S	-4	
cpd00911	6-phospho-D-glucono-1-5-lactone	C6H9O9P	-2	
cpd01085	Viomycin	C25H46N13O10	3	
cpd01684	O-Phosphoviomycin	C25H45N13O13P	1	
cpd11668	Penam	C9H10N2O4RS	-1	
cpd12884	Penicilloic acid	C9H11N2O5RS	-2	
cpd00142	Acetoacetate	C4H5O3	-1	
cpd00445	Cyclohexanamine	C6H14N	1	
cpd00329	Cyclohexanone	C6H10O	0	
cpd03221	Zymosterol	C27H44O	0	
cpd02755	Fecosterol	C28H46O	0	
cpd15705	1,2-Dianteisopentadecanoyl-sn-glycerol	C33H64O5	0	
cpd01882	Isovaleryl-CoA	C26H40N7O17P3S	-4	
cpd12599	GM3	C42H72N2O21R	-1	
cpd00644	PAN	C9H16NO5	-1	
cpd03491	Undecaprenyl-diphospho-N-acetylmuramoyl-(N-acetylglucosamine)-L-alanyl-gamma-D-glutamyl-L-lysyl-D-alanyl-D-alanine	C94H153N8O26P2	-3	
cpd15049	3-Hydroxy-OPC6-CoA	C37H57N7O19P3S	-3	
cpd15050	3-Oxo-OPC6-CoA	C37H55N7O19P3S	-3	
cpd00374	Tyramine	C8H12NO	1	
cpd01733	Ferulaldehyde	C10H10O3	0	
cpd01059	Ferulate	C10H9O4	-1	
cpd02740	Guanosine 5'-triphosphate,3'-diphosphate	C10H12N5O20P5	-6	
cpd00079	D-glucose-6-phosphate	C6H11O9P	-2	
cpd00908	Glycerophosphoethanolamine	C5H14NO6P	0	
cpd00875	KDO	C8H13O8	-1	
cpd02546	CMP-KDO	C17H24N3O15P	-2	
cpd00446	cAMP	C10H11N5O6P	-1	
cpd02100	L-Xylulose 5-phosphate	C5H9O8P	-2	
cpd02016	N-Ribosylnicotinamide	C11H15N2O5	1	
cpd00133	Nicotinamide	C6H6N2O	0	
cpd03117	3-Oxododecanoyl-CoA	C33H52N7O18P3S	-4	
cpd03608	4-Hydroxy-L-threonine	C4H9NO4	0	
cpd00510	deoxyribose-5-phosphate	C5H9O7P	-2	
cpd03199	3-Ketolactose	C12H20O11	0	
cpd03193	3-Keto-beta-D-galactose	C6H10O6	0	
cpd11530	9-methyl-3-hydroxy-decanoyl-ACP	C22H41N2O9PRS	-1	
cpd00305	Thiamin	C12H17N4OS	1	
cpd00939	Toxopyrimidine	C6H9N3O	0	
cpd02636	4-Methyl-5--2-hydroxyethyl-thiazole	C6H9NOS	0	
cpd02820	UDP-N-acetylglucosamine enolpyruvate	C20H26N3O19P2	-3	
cpd00034	Zn2+	Zn	2	
cpd01966	Dimethylacryloyl-CoA	C26H38N7O17P3S	-4	
cpd02068	3-Methylglutaconyl-CoA	C27H37N7O19P3S	-5	
cpd15173	3-Hydroxy-5-methylhex-4-enoyl-CoA	C28H43N7O18P3S	-3	
cpd15175	5-Methyl-3-oxo-4-hexenoyl-CoA	C28H41N7O18P3S	-3	
cpd15661	Prenol-45n teichoic acid	C206H386N2O242P47	-47	
cpd15667	glycerol teichoic acid (n=45), linked, unsubstituted	C191H359N10O259P46R	-48	
cpd01634	L-beta-Leucine	C6H13NO2	0	
cpd01242	Thyminose	C5H10O4	0	
cpd15378	4-Hydroxy-benzylalcohol	C7H8O2	0	
cpd00283	Geranyldiphosphate	C10H18O7P2	-2	
cpd06711	(Hydroxymethylphenyl)succinyl-CoA	C32H42N7O20P3S	-4	
cpd06712	Benzoylsuccinyl-CoA	C32H40N7O20P3S	-4	
cpd11510	10-methyl-trans-dodec-2-enoyl-ACP	C24H43N2O8PRS	-1	
cpd11511	10-methyl-dodecanoyl-ACP	C24H45N2O8PRS	-1	
cpd01577	2-Oxosuccinamate	C4H4NO4	-1	
cpd11830	S-Aminomethyldihydrolipoylprotein	C2H7NRS2	1	
cpd02625	3-Hydroxy-L-1-pyrroline-5-carboxylate	C5H6NO3	-1	
cpd15697	Diisotetradecanoylphosphatidylethanolamine	C33H66NO8P	0	
cpd00209	Nitrate	NO3	-1	
cpd11712	Protein histidine	C7H8N4O2R2	0	
cpd12508	Protein N-pros-phosphohistidine	C7H7N4O5PR2	-2	
cpd00200	4MOP	C6H9O3	-1	
cpd15749	Isoheptadecanoyllipoteichoic acid (n=24), linked, unsubstituted	C121H236O135P24	-24	
cpd15767	Isoheptadecanoyllipoteichoic acid (n=24), linked, N-acetyl-D-glucosamine	C313H548N24O255P24	-24	
cpd00298	dTMP	C10H13N2O8P	-2	
cpd03471	Nicotinate D-ribonucleoside	C11H13NO6	0	
cpd00218	Niacin	C6H4NO2	-1	
cpd00030	Mn2+	Mn	2	
cpd00149	Co2+	Co	2	
cpd00122	N-Acetyl-D-glucosamine	C8H15NO6	0	
cpd00276	GLUM	C6H14NO5	1	
cpd05521	Violaxanthin	C40H56O4	0	
cpd05513	Neoxanthin	C40H56O4	0	
cpd03397	Selenohomocysteine	C4H9NO2Se	0	
cpd03398	Selenocystathionine	C7H14N2O4Se	0	
cpd14796	(Z)-Phenylacetaldehyde oxime	C8H9NO	0	
cpd14795	Benzyl cyanide	C8H7N	0	
cpd11718	(S)-3-Hydroxyacyl-CoA	C24H36N7O18P3RS	-3	
cpd11637	3-Oxoacyl-CoA	C24H34N7O18P3RS	-3	
cpd03413	L-Glutamyl 1-phosphate	C5H9NO7P	-1	
cpd11430	fa1	C14H27O2	-1	
cpd00916	Ins(1,4,5)P3	C6H12O15P3	-3	
cpd00934	Inositol 1,3,4,5-tetrakisphosphate	C6H12O18P4	-4	
cpd08366	(2R)-Phosphosulfolactate	C3H3O9PS	-4	
cpd15686	CDP-1,2-diisopentadecanoylglycerol	C42H75N3O15P2	-2	
cpd02826	5'-Phosphoribosylformylglycinamidine	C8H15N3O8P	-1	
cpd03660	GT1b	C78H127N5O47R	-3	
cpd03661	GD1b	C67H111N4O39R	-2	
cpd00531	Hg2+	Hg	2	
cpd15239	Hexadecenoyl-ACP	C27H49N2O8PRS	-1	
cpd15326	1-hexadec-9-enoyl-sn-glycerol 3-phosphate	C19H36O7P	-1	
cpd01749	N-Formylkynurenine	C11H12N2O4	0	
cpd00797	(R)-3-Hydroxybutanoate	C4H7O3	-1	
cpd00044	3-phosphoadenylylsulfate	C10H11N5O13P2S	-4	
cpd15420	CDP-1,2-dioctadec-11-enoylglycerol	C48H83N3O15P2	-2	
cpd00263	Pyridoxol	C8H11NO3	0	
cpd15683	CDP-1,2-diisoheptadecanoylglycerol	C46H83N3O15P2	-2	
cpd15689	Diisoheptadecanoylphosphatidylserine	C40H76NO10P	-2	
cpd15584	alpha-Methyl-D-glucoside	C7H14O6	0	
cpd15558	phosphatidylserine dioctadec-11-enoyl	C42H76NO10P	-2	
cpd00419	PM	C8H13N2O2	1	
cpd01620	Precorrin 2	C42H41N4O16	-7	
cpd16471	Benzylpenicilloic acid	C16H18N2O5S	-2	
cpd03292	Penicillin G	C16H17N2O4S	-1	
cpd03709	Salicylaldehyde	C7H6O2	0	
cpd15419	CDP-1,2-dihexadecanoylglycerol	C44H79N3O15P2	-2	
cpd00312	Histamine	C5H10N3	1	
cpd03736	Lauroyl-KDO2-lipid IV(A)	C96H170N2O38P2	-6	
cpd03586	kdo2-lipid iva	C84H148N2O37P2	-6	
cpd03122	(S)-Hydroxyhexanoyl-CoA	C27H42N7O18P3S	-4	
cpd03123	3-Oxohexanoyl-CoA	C27H40N7O18P3S	-4	
cpd09806	m-Cresotic acid	C8H7O3	-1	
cpd04117	4-Methylcatechol	C7H8O2	0	
cpd08210	ADC	C10H10NO5	-1	
cpd03960	Hydroxyatrazine	C8H15N5O	0	
cpd00591	Ethylamine	C2H8N	1	
cpd03961	N-Isopropylammelide	C6H10N4O2	0	
cpd00156	L-Valine	C5H11NO2	0	
cpd01157	Chitobiose	C16H28N2O11	0	
cpd00853	DPG	C3H5O10P2	-3	
cpd11531	9-methyl-trans-dec-2-enoyl-ACP	C22H39N2O8PRS	-1	
cpd00281	GABA	C4H9NO2	0	
cpd01078	Selenide	H2Se	0	
cpd03078	Selenophosphate	H2O3PSe	-1	
cpd04248	Chloral hydrate	C2H3O2Cl3	0	
cpd04661	Trichloroethanol	C2H3OCl3	0	
cpd11611	Acyl-CoA	C22H32N7O17P3RS	-3	
cpd01700	D-Citramalate	C5H6O5	-2	
cpd12018	Retinyl ester	C21H29O2R	0	
cpd11548	4-methyl-trans-pent-2-enoyl-ACP	C17H29N2O8PRS	-1	
cpd02797	sn-3-O-(Geranylgeranyl)glycerol 1-phosphate	C23H40O6P	-1	
cpd02824	2,3-Bis-O-(geranylgeranyl)glycerol 1-phosphate	C43H72O6P	-1	
cpd02056	2-Hydroxy-3-oxoadipate	C6H6O6	-2	
cpd11483	(R)-3-Hydroxyoctanoyl-[acyl-carrier protein]	C19H36N2O9PRS	-2	
cpd11564	12-methyl-trans-tridec-2-enoyl-ACP	C25H45N2O8PRS	-1	
cpd00337	Hydrouracil	C4H6N2O2	0	
cpd01720	3-Ureidopropanoate	C4H7N2O3	-1	
cpd00333	(E)-Cinnamate	C9H7O2	-1	
cpd12044	Protein serine	C4H6N2O3R2	0	
cpd12868	[Protein]-D-serine	C4H6N2O3R2	0	
cpd12237	Peptide-L-methionine	C6H10N2O2R2S	0	
cpd14507	Peptide-L-methionine (R)-S-oxide	C6H10N2O3R2S	0	
cpd00157	Glycerone	C3H6O3	0	
cpd00403	D-Mannonate	C6H11O7	-1	
cpd00672	D-Fructuronate	C6H9O7	-1	
cpd03897	4a-Hydroxytetrahydrobiopterin	C9H15N5O4	0	
cpd00231	Dihydrobiopterin	C9H13N5O3	0	
cpd00434	4-Aminobutanal	C4H10NO	1	
cpd11431	fa11	C17H33O2	-1	
cpd03699	cDPG	C3H3O9P2	-3	
cpd11584	Ala-His	C9H14N4O3	0	
cpd00278	Indolepyruvate	C11H8NO3	-1	
cpd00486	Indoleacetaldehyde	C10H9NO	0	
cpd03125	(2E)-Hexenoyl-CoA	C27H40N7O17P3S	-4	
cpd00658	Isochorismate	C10H8O6	-2	
cpd16335	2-Succinyl-5-enolpyruvyl-6-hydroxy-3-cyclohexene-1-carboxylate	C14H13O9	-3	
cpd00304	Retinal	C20H28O	0	
cpd00291	L-Dopa	C9H11NO4	0	
cpd02357	Dopamine	C8H12NO2	1	
cpd00245	Aniline	C6H7N	0	
cpd02069	3-Phosphonooxypyruvate	C3H2O7P	-3	
cpd15696	Dianteisoheptadecanoylphosphatidylethanolamine	C39H78NO8P	0	
cpd03585	KDO-lipid IV(A)	C76H137N2O30P2	-5	
cpd11591	Gly-Met	C7H14N2O3S	0	
cpd09792	1-Naphthalenemethanol	C11H10O	0	
cpd15130	Isopentenyl-ATP	C15H21N5O13P3	-3	
cpd00509	deoxyribose-1-phosphate	C5H9O7P	-2	
cpd11477	(2E)-Hexadecenoyl-[acp]	C27H49N2O8PRS	-2	
cpd12208	Peptide L-aspartate	C5H5N2O4R2	-1	
cpd12435	Peptide 3-hydroxy-L-aspartate	C5H5N2O5R2	-1	
cpd00680	Chloramphenicol	C11H12N2O5Cl2	0	
cpd02267	Chloramphenicol 3-acetate	C13H14N2O6Cl2	0	
cpd11217	1,4-Dihydroxy-2-naphthoyl-CoA	C32H38N7O19P3S	-4	
cpd16395	2-Phenyl-1,3-propanediol monocarbamate	C10H13NO3	0	
cpd16396	3-Carbamoyl-2-phenylpropionaldehyde	C10H11NO3	0	
cpd01080	ocdca	C18H35O2	-1	
cpd11467	(2E)-Tetradecenoyl-[acp]	C25H45N2O8PRS	-2	
cpd02490	Lysopine	C9H18N2O4	0	
cpd00408	Pantoate	C6H11O4	-1	
cpd00712	2-Dehydropantoate	C6H9O4	-1	
cpd00331	cis-Aconitate	C6H3O6	-3	
cpd02603	3-Lysolecithin	C9H19NO7PR	0	
cpd11518	14-methyl-trans-hexa-dec-2-enoyl-ACP	C28H51N2O8PRS	-1	
cpd15748	Stearoyllipoteichoic acid (n=24), linked, unsubstituted	C123H240O135P24	-24	
cpd15766	Stearoyllipoteichoic acid (n=24), linked, N-acetyl-D-glucosamine	C315H552N24O255P24	-24	
cpd11436	fa3	C15H29O2	-1	
cpd00557	Siroheme	C42H36FeN4O16	-8	
cpd03426	Sirohydrochlorin	C42H38N4O16	-8	
cpd02211	L-2-Amino-acetoacetate	C4H7NO3	0	
cpd09350	N2-Acetyl-L-aminoadipyl-delta-phosphate	C8H11NO8P	-3	
cpd09351	N2-Acetyl-L-aminoadipate semialdehyde	C8H12NO4	-1	
cpd00292	HMG-CoA	C27H39N7O20P3S	-5	
cpd01956	o-Formylbenzoic acid	C8H5O3	-1	
cpd01129	Phthalate	C8H4O4	-2	
cpd00550	D-Serine	C3H7NO3	0	
cpd00876	3-Hydroxyisobutyrate	C4H7O3	-1	
cpd00287	3-Oxo-2-methylpropanoate	C4H5O3	-1	
cpd15554	phosphatidylserine ditetradec-7-enoyl	C34H60NO10P	-2	
cpd15530	phosphatidylethanolamine ditetradec-7-enoyl	C33H62NO8P	0	
cpd02113	dTDP-rhamnose	C16H24N2O15P2	-2	
cpd11636	Amide	CH2NOR	0	
cpd06559	alpha-Farnesene	C15H24	0	
cpd09811	4-Hydroxymethylsalicylaldehyde	C8H8O3	0	
cpd09812	4-Hydroxymethylsalicylate	C8H7O4	-1	
cpd00448	D-Glyceraldehyde	C3H6O3	0	
cpd12499	D-Galactosyl-1,4-beta-D-glucosyl-R	C12H21O11R	0	
cpd02902	D-Galactosyl-1,3-beta-D-galactosyl-1,4-beta-D-glucosyl-R	C18H31O16R	0	
cpd15754	Isohexadecanoyllipoteichoic acid (n=24), linked, unsubstituted	C119H232O135P24	-24	
cpd15772	Isohexadecanoyllipoteichoic acid (n=24), linked, N-acetyl-D-glucosamine	C311H544N24O255P24	-24	
cpd00274	Citrulline	C6H13N3O3	0	
cpd00742	Allophanate	C2H3N2O3	-1	
cpd03835	Precorrin 8	C45H53N4O14	-7	
cpd03832	Hydrogenobyrinate	C45H56N4O14	-4	
cpd15585	beta-Methylglucoside	C7H14O6	0	
cpd15306	1,2-Diacyl-sn-glycerol didodecanoyl	C27H52O5	0	
cpd00330	Dihydrofolate	C19H19N7O6	-2	
cpd00393	Folate	C19H17N7O6	-2	
cpd01301	Biotin amide	C10H17N3O2S	0	
cpd11498	4-methyl-trans-hex-2-enoyl-ACP	C18H31N2O8PRS	-1	
cpd11590	met-L-ala-L	C8H15N2O3S	-1	
cpd03444	2-Octaprenylphenol	C46H70O	0	
cpd03445	2-Octaprenyl-6-hydroxyphenol	C46H70O2	0	
cpd04810	5-FU	C4H3N2O2F	0	
cpd16438	5-Fluorouridine monophosphate	C9H11N2O9PF	-1	
cpd11551	6-methyl-3-hydroxy-heptanoyl-ACP	C19H35N2O9PRS	-1	
cpd11520	isovaleryl-ACP	C16H29N2O8PRS	-2	
cpd00315	GDP-glucose	C16H23N5O16P2	-2	
cpd00400	Acrylate	C3H3O2	-1	
cpd01150	Acrylamide	C3H5NO	0	
cpd03245	Glycodeoxycholate	C26H42NO5	-1	
cpd16439	5'-Deoxy-5-fluorocytidine	C9H12N3O4F	0	
cpd16329	Doxifluridine	C9H11N2O5F	0	
cpd02229	Bactoprenyl diphosphate	C55H90O7P2	-2	
cpd03194	Lactose-6-phosphate	C12H21O14P	-2	
cpd11556	8-methyl-trans-non-2-enoyl-ACP	C21H37N2O8PRS	-1	
cpd11557	8-methyl-nonanoyl-ACP	C21H39N2O8PRS	-1	
cpd03424	Vitamin B12	C61H86CoN13O14PR	6	
cpd00490	5-Hydroxy-L-tryptophan	C11H12N2O3	0	
cpd00579	Serotonin	C10H13N2O	1	
cpd00155	Glycogen	C30H52O26	0	
cpd15302	glycogen(n-1)	C24H42O21	0	
cpd15534	phosphatidylethanolamine dioctadec-11-enoyl	C41H78NO8P	0	
cpd02968	UDP-N-acetylmuramoyl-L-alanyl-D-glutamyl-6-carboxy-L-lysyl-D-alanyl- D-alanine	C41H61N9O28P2	-4	
cpd09433	9'-cis-Neoxanthin	C40H56O4	0	
cpd09434	9-cis-Violaxanthin	C40H56O4	0	
cpd15131	Isopentenyl-ADP	C15H21N5O10P2	-2	
cpd15665	Peptidoglycan polymer (n subunits)	C80H125N16O42R	-4	
cpd00945	2-Dehydro-3-deoxy-D-galactonate 6-phosphate	C6H8O9P	-3	
cpd01772	Succinylbenzoate	C11H8O5	-2	
cpd00170	Gluconolactone	C6H10O6	0	
cpd08238	(S)-(-)-Citronellal	C10H18O	0	
cpd02497	D-Galacturonate 1-phosphate	C6H8O10P	-3	
cpd00348	D-Galactose 1-phosphate	C6H11O9P	-2	
cpd01260	Lauroyl-CoA	C33H54N7O17P3S	-4	
cpd03451	SHCHC	C11H10O6	-2	
cpd01092	Allantoin	C4H5N4O3	-1	
cpd11473	(2E)-Hexenoyl-[acp]	C17H29N2O8PRS	-1	
cpd12640	GM1	C56H95N3O31R	-1	
cpd02999	GD1a	C67H111N4O39R	-2	
cpd03176	5(S)-HPETE	C20H31O4	-1	
cpd02918	5-HETE	C20H31O3	-1	
cpd01504	3-Aminopropanal	C3H8NO	1	
cpd11827	Phospholipid olefinic fatty acid	C14H21O8PR3	-1	
cpd12496	Phospholipid methylene fatty acid	C15H23O8PR3	-1	
cpd00398	Naringenin	C15H12O5	0	
cpd18006	Flavaprenin	C20H20O5	0	
cpd00667	11-cis-Retinol	C20H30O	0	
cpd02184	11-cis-Retinyl palmitate	C36H60O2	0	
cpd02135	4-Nitrophenyl phosphate	C6H4NO6P	-2	
cpd00646	PNP	C6H5NO3	0	
cpd00528	N2	N2	0	
cpd00659	Nitrous oxide	N2O	0	
cpd03583	D-arabino-6-Phospho-hex-3-ulose	C6H11O9P	-2	
cpd15695	Diisoheptadecanoylphosphatidylethanolamine	C39H78NO8P	0	
cpd02886	UDP-3-O-(beta-hydroxymyristoyl)-N-acetylglucosamine	C31H51N3O19P2	-2	
cpd00136	4-Hydroxybenzoate	C7H5O3	-1	
cpd00127	Phenol	C6H6O	0	
cpd01468	Methylmalonate	C4H4O4	-2	
cpd12470	Monoamide of a dicarboxylic acid	C3H4NO3	-1	
cpd12000	Dicarboxylate	C3H2O4	-2	
cpd03047	Taurocholate	C26H44NO7S	-1	
cpd11505	8-methyl-3-hydroxy-decanoyl-ACP	C22H41N2O9PRS	-1	
cpd03734	Acetamide	C2H5NO	0	
cpd11497	4-methyl-3-hydroxy-hexanoyl-ACP	C18H33N2O9PRS	-1	
cpd00782	Pimeloyl-CoA	C28H41N7O19P3S	-5	
cpd03671	D-Glucosamine1-phosphate	C6H13NO8P	-1	
cpd00673	Dihydrothymine	C5H8N2O2	0	
cpd03034	3-Ureidoisobutyrate	C5H9N2O3	-1	
cpd02724	N-Succinyl-L-2-amino-6-oxopimelate	C11H12NO8	-3	
cpd01747	Indole-3-acetamide	C10H10N2O	0	
cpd00703	Indoleacetate	C10H8NO2	-1	
cpd03306	3,4-Dihydroxyphenylethyleneglycol	C8H10O4	0	
cpd03307	3,4-Dihydroxymandelaldehyde	C8H8O4	0	
cpd15747	Myristoyllipoteichoic acid (n=24), linked, unsubstituted	C115H224O135P24	-24	
cpd15765	Myristoyllipoteichoic acid (n=24), linked, N-acetyl-D-glucosamine	C307H536N24O255P24	-24	
cpd12072	Protein dithiol	C7H11N3O3R2S2	0	
cpd12139	Protein disulfide	C7H9N3O3R2S2	0	
cpd03659	GQ1	C89H143N6O55R	-4	
cpd00235	D-mannose-6-phosphate	C6H11O9P	-2	
cpd00341	N-Carbamoylputrescine	C5H14N3O	1	
cpd11572	trans-Octodec-2-enoyl-ACP	C29H53N2O8PRS	-1	
cpd03830	ADP-D-glycero-D-manno-heptose	C17H25N5O16P2	-2	
cpd00396	L-Rhamnose	C6H12O5	0	
cpd15703	1,2-Diisotetradecanoyl-sn-glycerol	C31H60O5	0	
cpd01476	Protoporphyrin	C34H32N4O4	-2	
cpd03280	5-Ureido-4-imidazole carboxylate	C5H5N4O3	-1	
cpd03281	5-Amino-4-imidazole carboxylate	C4H5N3O2	0	
cpd11509	10-methyl-3-hydroxy-dodecanoyl-ACP	C24H45N2O9PRS	-1	
cpd11562	12-methyl-3-oxo-tridecanoyl-ACP	C25H45N2O9PRS	-1	
cpd11563	12-methyl-3-hydroxy-tridecanoyl-ACP	C25H47N2O9PRS	-1	
cpd02720	5-Amino-6--5-phosphoribitylaminouracil	C9H15N4O9P	-2	
cpd01211	Thiocyanate	CNS	-1	
cpd11581	gly-asn-L	C6H11N3O4	0	
cpd09813	4-Hydroxymethylcatechol	C7H8O3	0	
cpd15751	Isotetradecanoyllipoteichoic acid (n=24), linked, unsubstituted	C115H224O135P24	-24	
cpd15769	Isotetradecanoyllipoteichoic acid (n=24), linked, N-acetyl-D-glucosamine	C307H536N24O255P24	-24	
cpd15269	octadecenoate	C18H33O2	-1	
cpd15274	Octadecenoyl-CoA	C39H65N7O17P3S	-3	
cpd11523	5-methyl-trans-hex-2-enoyl-ACP	C18H31N2O8PRS	-1	
cpd15307	1,2-Diacyl-sn-glycerol ditetradecanoyl	C31H60O5	0	
cpd03158	Nicotianamine	C12H20N3O6	-1	
cpd00709	beta D-Galactose	C6H12O6	0	
cpd06227	THF-L-glutamate	C24H27N8O9	-3	
cpd03847	Myristic acid	C14H27O2	-1	
cpd03606	2-Oxo-3-hydroxy-4-phosphobutanoate	C4H4O8P	-3	
cpd00502	5-Formiminotetrahydrofolate	C20H22N8O6	-2	
cpd00567	D-Proline	C5H9NO2	0	
cpd15310	1,2-Diacyl-sn-glycerol dihexadec-9-enoyl	C35H64O5	0	
cpd15663	Prenol-45n teichoic acid-alanine substituted	C341H611N47O287P47	-47	
cpd15668	glycerol teichoic acid (n=45), linked, D-ala substituted	C326H584N55O304P46R	-48	
cpd03561	2-Hydroxybutyrate	C4H7O3	-1	
cpd15540	Phosphatidylglycerol dioctadecanoyl	C42H82O10P	-1	
cpd03422	Cobinamide	C48H75CoN11O8	3	
cpd00063	Ca2+	Ca	2	
cpd00264	Spermidine	C7H22N3	3	
cpd15723	Dianteisoheptadecanoylphosphatidylglycerol	C40H78O10P	-1	
cpd00166	Calomide	C72H102CoN18O17P	2	
cpd15722	Diisoheptadecanoylphosphatidylglycerol	C40H78O10P	-1	
cpd11416	Biomass	null	0	
cpd15432	core oligosaccharide lipid A	C176H303N2O100P4	-11	
cpd15793	Stearoylcardiolipin (B. subtilis)	C81H156O17P2	-2	
cpd15795	Anteisoheptadecanoylcardiolipin (B. subtilis)	C77H148O17P2	-2	
cpd01997	Dimethylbenzimidazole	C9H10N2	0	
cpd15794	Isoheptadecanoylcardiolipin (B. subtilis)	C77H148O17P2	-2	
