cpd02065_c,3_Hydroxy_L_kynurenine
cpd02569_c,2_Oxo_3_hydroxyisovalerate
cpd11514_c,12_methyl_trans_tetra_dec_2_enoyl_ACP
cpd00417_c,L_Lyxitol
cpd00208_c,LACT
cpd01871_c,3_Methylcatechol
cpd03560_c,Propionyladenylate
cpd00070_c,Malonyl_CoA
cpd00043_c,UDP_galactose
cpd11439_c,fa4coa
cpd01217_c,Xanthosine
cpd15363_c,2_tetradecanoyl_sn_glycerol_3_phosphate
cpd02894_c,4_Amino_2_methyl_5_diphosphomethylpyrimidine
cpd11539_c,13_methyl_trans_tetra_dec_2_enoyl_ACP
cpd00033_c,Glycine
cpd09791_c,3_Methylsalicylate
cpd00246_e,Inosine
cpd03113_c,S_3_Hydroxyhexadecanoyl_CoA
cpd00134_c,Palmitoyl_CoA
cpd01932_c,1_2_Naphthalenediol
cpd11523_c,5_methyl_trans_hex_2_enoyl_ACP
cpd15606_c,Gly_Tyr
cpd15339_c,2_Acyl_sn_glycero_3_phosphoethanolamine_n_C16_0
cpd15606_e,Gly_Tyr
cpd15314_c,1_Acyl_sn_glycero_3_phosphoethanolamine_tetradecanoyl
cpd00074_c,S
cpd11590_c,met_L_ala_L
cpd00770_c,N_Formyl_L_glutamate
cpd12139_c,Protein_disulfide
cpd11590_e,met_L_ala_L
cpd15604_e,Gly_Leu
cpd11530_c,9_methyl_3_hydroxy_decanoyl_ACP
cpd15604_c,Gly_Leu
cpd00437_c,D_Tagaturonate
cpd00869_c,4_methylthio_2_oxobutyrate
cpd03117_c,3_Oxododecanoyl_CoA
cpd00072_c,D_fructose_6_phosphate
cpd00028_c,Heme
cpd03488_c,Undecaprenyl_diphospho_N_acetylmuramoyl_N_acetylglucosamine_L_alanyl_D_glutaminyl_L_lysyl_D_alanyl_D_alanine
cpd11562_c,12_methyl_3_oxo_tridecanoyl_ACP
cpd00076_e,Sucrose
cpd00227_c,L_Homoserine
cpd15318_c,1_Acyl_sn_glycero_3_phosphoglycerol_dodecanoyl
cpd15542_c,Phosphatidylglycerophosphate_didodecanoyl
cpd00076_c,Sucrose
cpd15422_c,CDP_1_2_ditetradec_7_enoylglycerol
cpd02172_c,Solanesyl_diphosphate
cpd11534_c,11_methyl_3_hydroxy_dodecanoyl_ACP
cpd11437_c,fa3coa
cpd00200_c,4MOP
cpd03447_c,2_Octaprenyl_6_methoxy_1_4_benzoquinone
cpd00202_c,DMAPP
cpd00491_c,D_mannitol_1_phosphate
cpd01777_c,Phosphoribosyl_AMP
cpd03115_c,S_3_Hydroxytetradecanoyl_CoA
cpd00797_c,R_3_Hydroxybutanoate
cpd00116_c,Methanol
cpd10515_e,Fe2
cpd15546_c,Phosphatidylglycerophosphate_dihexadec_9_enoyl
cpd00742_c,Allophanate
cpd15585_c,beta_Methylglucoside
cpd16654_c,tricarballylate
cpd00475_c,Ribose_1_phosphate
cpd15705_c,1_2_Dianteisopentadecanoyl_sn_glycerol
cpd11433_c,fa12
cpd00519_c,D_methylmalonyl_CoA
cpd00041_e,L_Aspartate
cpd00223_c,Glycerate
cpd00221_c,D_Lactate
cpd00144_c,UDPglucuronate
cpd15540_c,Phosphatidylglycerol_dioctadecanoyl
cpd12237_c,Peptide_L_methionine
cpd00774_c,UroporphyrinogenIII
cpd14699_c,S_3_Methylbutanoyl_dihydrolipoamide_E
cpd11532_c,9_methyl_decanoyl_ACP
cpd11435_c,fa1coa
cpd00493_c,Pyridoxamine_phosphate
cpd00550_c,D_Serine
cpd11592_e,gly_glu_L
cpd03608_c,4_Hydroxy_L_threonine
cpd00013_e,NH3
cpd00013_c,NH3
cpd11592_c,gly_glu_L
cpd15549_c,phospho_heptosyl_heptosyl_kdo2_lipidA
cpd00056_c,TPP
cpd00093_c,Anthranilate
cpd00448_c,D_Glyceraldehyde
cpd00891_c,L_methylmalonyl_CoA
cpd11472_c,Hexanoyl_ACP
cpd00177_c,dADP
cpd11513_c,12_methyl_3_hydroxy_tetra_decanoyl_ACP
cpd00058_e,Cu2
cpd02186_c,Oxaloglycolate
cpd00179_e,Maltose
cpd15350_c,2_dodecanoyl_sn_glycerol_3_phosphate
cpd11559_c,10_methyl_3_hydroxy_undecanoyl_ACP
cpd00058_c,Cu2
cpd14698_c,3_Methyl_1_hydroxybutyl_TPP
cpd03279_e,Deoxyinosine
cpd11555_c,8_methyl_3_hydroxy_nonanoyl_ACP
cpd00432_c,meso_Tartrate
cpd00635_c,Cbl
cpd00616_c,Pretyrosine
cpd03279_c,Deoxyinosine
cpd15237_c,hexadecenoate
cpd00052_c,CTP
cpd11640_c,H2
cpd15686_c,CDP_1_2_diisopentadecanoylglycerol
cpd00286_c,Undecaprenylphosphate
cpd11474_c,Decanoyl_ACP
cpd03445_c,2_Octaprenyl_6_hydroxyphenol
cpd11476_c,hexadecanoyl_acp
cpd00430_c,PACT
cpd03448_c,2_Octaprenyl_3_methyl_6_methoxy_1_4_benzoquinone
cpd00683_c,Dihydropteroate
cpd00054_c,L_Serine
cpd00091_c,UMP
cpd15684_c,CDP_1_2_dianteisoheptadecanoylglycerol
cpd15727_c,Diisohexadecanoylphosphatidylglycerol
cpd00638_c,Deamido_NAD
cpd15312_c,1_2_Diacyl_sn_glycerol_dioctadec_11_enoyl
cpd00050_c,FMN
cpd12005_c,Lipoylprotein
cpd00282_c,S_Dihydroorotate
cpd00906_c,all_trans_Hexaprenyl_diphosphate
cpd00037_c,UDP_N_acetylglucosamine
cpd03426_c,Sirohydrochlorin
cpd15770_c,Isopentadecanoyllipoteichoic_acid_n24__linked__N_acetyl_D_glucosamine
cpd00434_c,4_Aminobutanal
cpd11511_c,10_methyl_dodecanoyl_ACP
cpd00654_e,Deoxycytidine
cpd02097_c,L_Glutamyl_5_phosphate
cpd00654_c,Deoxycytidine
cpd15239_c,Hexadecenoyl_ACP
cpd02835_c,UDP_2_3_bis3_hydroxytetradecanoylglucosamine
cpd15680_c,1_2_diisopentadecanoyl_sn_glycerol_3_phosphate
cpd11440_c,fa6
cpd00035_c,L_Alanine
cpd15544_c,Phosphatidylglycerophosphate_ditetradec_7_enoyl
cpd02484_c,Inositol_3_phosphate
cpd14545_c,Iminoglycine
cpd00383_c,Shikimate
cpd15767_c,Isoheptadecanoyllipoteichoic_acid_n24__linked__N_acetyl_D_glucosamine
cpd15605_e,Gly_Phe
cpd03130_c,2E_Octenoyl_CoA
cpd00533_c,dCDP
cpd15798_c,Anteisopentadecanoylcardiolipin_B_subtilis
cpd00159_e,L_Lactate
cpd15336_c,2_Acyl_sn_glycero_3_phosphoethanolamine_dodecanoyl
cpd00650_c,Crotonyl_CoA
cpd01017_c,Cys_Gly
cpd01017_e,Cys_Gly
cpd00581_c,Urocanate
cpd15682_c,1_2_diisohexadecanoyl_sn_glycerol_3_phosphate
cpd04539_c,2_Amino_3_oxo_4_phosphonooxybutyrate
cpd00031_c,GDP
cpd15548_c,Phosphatidylglycerophosphate_dioctadec_11_enoyl
cpd15772_c,Isohexadecanoyllipoteichoic_acid_n24__linked__N_acetyl_D_glucosamine
cpd03424_e,Vitamin_B12
cpd15751_c,Isotetradecanoyllipoteichoic_acid_n24__linked__unsubstituted
cpd09812_c,4_Hydroxymethylsalicylate
cpd15747_c,Myristoyllipoteichoic_acid_n24__linked__unsubstituted
cpd15698_c,Diisopentadecanoylphosphatidylethanolamine
cpd01262_e,Amylotriose
cpd01262_c,Amylotriose
cpd03666_c,2_5_Diamino_6_5_triphosphoryl_3_4_trihydroxy_2_oxopentyl__amino_4_oxopyrimidine
cpd00095_c,Glycerone_phosphate
cpd00830_c,4_Hydroxy_2_oxoglutarate
cpd03048_e,Isethionate
cpd03048_c,Isethionate
cpd00079_c,D_glucose_6_phosphate
cpd15526_c,1_2_dioctadecanoyl_sn_glycerol_3_phosphate
cpd15718_c,Diisotetradecanoylphosphatidylglycerophosphate
cpd15524_c,1_2_dihexadecanoyl_sn_glycerol_3_phosphate
cpd15762_c,Anteisopentadecanoyllipoteichoic_acid_n24__linked__glucose_substituted
cpd03198_c,Melibiose
cpd00481_c,Isobutyryl_CoA
cpd00014_c,UDP
cpd00314_e,D_Mannitol
cpd11561_c,10_methyl_undecanoyl_ACP
cpd03607_c,4_Phosphonooxy_threonine
cpd11570_c,3_Oxooctodecanoyl_ACP
cpd01501_c,2_Methylcitrate
cpd15358_c,2_octadecanoyl_sn_glycerol_3_phosphate
cpd02642_c,N_5_phosphoribosyl_anthranilate
cpd15668_c,glycerol_teichoic_acid_n45__linked__D_ala_substituted
cpd01012_c,Cd2
cpd00322_c,L_Isoleucine
cpd00485_c,D_Mannose1_phosphate
cpd01260_c,Lauroyl_CoA
cpd11479_c,D_3_Hydroxyhexanoyl_acp
cpd11572_c,trans_Octodec_2_enoyl_ACP
cpd15557_c,phosphatidylserine_dioctadecanoyl
cpd15528_c,phosphatidylethanolamine_didodecanoyl
cpd11517_c,14_methyl_3_hydroxy_hexa_decanoyl_ACP
cpd01831_c,4_Imidazoleacetate
cpd00206_c,dCMP
cpd02182_c,R_S_Lactoylglutathione
cpd11553_c,6_methyl_heptanoyl_ACP
cpd00129_c,L_Proline
cpd11510_c,10_methyl_trans_dodec_2_enoyl_ACP
cpd00154_e,Xylose
cpd11492_c,Malonyl_acyl_carrierprotein_
cpd00019_c,S_Adenosyl_homocysteine
cpd15716_c,Diisoheptadecanoylphosphatidylglycerophosphate
cpd00154_c,Xylose
cpd00412_c,Deoxyuridine
cpd00156_c,L_Valine
cpd15765_c,Myristoyllipoteichoic_acid_n24__linked__N_acetyl_D_glucosamine
cpd00171_c,D_Ribulose5_phosphate
cpd00412_e,Deoxyuridine
cpd00156_e,L_Valine
cpd12370_c,apo_ACP
cpd01092_e,Allantoin
cpd00279_c,Acetoacetyl_CoA
cpd11490_c,3_oxooctanoyl_acp
cpd01092_c,Allantoin
cpd15421_c,CDP_1_2_dioctadecanoylglycerol
cpd00790_c,O_Acetyl_L_homoserine
cpd00338_c,5_Aminolevulinate
cpd15662_c,Prenol_45n_teichoic_acid_glucose_substituted
cpd00289_c,Geranylgeranyl_diphosphate
cpd03831_c,ADP_L_glycero_D_manno_heptose
cpd00130_e,L_Malate
cpd11557_c,8_methyl_nonanoyl_ACP
cpd15749_c,Isoheptadecanoyllipoteichoic_acid_n24__linked__unsubstituted
cpd00175_c,UDP_N_acetyl_D_galactosamine
cpd15352_c,2_Demethylmenaquinone_8
cpd03918_c,Adenosyl_cobinamide
cpd00630_c,3_Oxoadipate
cpd02605_c,2_isopropyl_3_oxosuccinate
cpd00738_c,phosphoserine
cpd00038_c,GTP
cpd11621_c,Oxidizedferredoxin
cpd04097_e,Pb
cpd00557_c,Siroheme
cpd04097_c,Pb
cpd01647_c,2_Phenylacetamide
cpd15761_c,Isopentadecanoyllipoteichoic_acid_n24__linked__glucose_substituted
cpd09410_c,Demethylphylloquinone
cpd00357_c,TTP
cpd11438_c,fa4
cpd00082_e,D_Fructose
cpd00809_c,O_Phospho_L_homoserine
cpd00137_c,Citrate
cpd15500_c,Menaquinone_8
cpd02611_c,N_Acetyl_D_glucosamine1_phosphate
cpd01775_c,Phosphoribosyl_ATP
cpd00355_e,Nicotinamide_ribonucleotide
cpd15794_c,Isoheptadecanoylcardiolipin_B_subtilis
cpd00355_c,Nicotinamide_ribonucleotide
cpd00531_c,Hg2
cpd11578_c,hexanesulfonate
cpd15533_c,phosphatidylethanolamine_dioctadecanoyl
cpd00118_e,Putrescine
cpd11515_c,12_methyl_tetra_decanoyl_ACP
cpd11538_c,13_methyl_3_hydroxy_tetra_decanoyl_ACP
cpd11495_c,2_methylbutyryl_ACP
cpd00073_c,Urea
cpd00135_c,Homocysteine
cpd03583_c,D_arabino_6_Phospho_hex_3_ulose
cpd00169_c,3_Phosphoglycerate
cpd15338_c,2_Acyl_sn_glycero_3_phosphoethanolamine_tetradec_7_enoyl
cpd02828_c,5_Carboxymethyl_2_hydroxymuconic_semialdehyde
cpd03161_c,Phenethylamine
cpd11493_c,ACP
cpd15748_c,Stearoyllipoteichoic_acid_n24__linked__unsubstituted
cpd00071_c,Acetaldehyde
cpd03487_c,Undecaprenyl_diphospho_N_acetylmuramoyl_N_acetylglucosamine_L_alanyl_D_glutamyl_L_lysyl_D_alanyl_D_alanine
cpd00118_c,Putrescine
cpd00120_c,Butyryl_CoA
cpd15315_c,1_Acyl_sn_glycero_3_phosphoethanolamine_tetradec_7_enoyl
cpd15666_c,Peptidoglycan_polymer_n_1_subunits
cpd00115_c,dATP
cpd00114_c,IMP
cpd11436_c,fa3
cpd00152_c,Agmatine
cpd01693_c,6_Phosphosucrose
cpd00277_e,Deoxyguanosine
cpd00277_c,Deoxyguanosine
cpd00077_c,Catechol
cpd00478_c,Pyridoxine_phosphate
cpd00075_c,Nitrite
cpd11537_c,13_methyl_3_oxo_tetra_decanoyl_ACP
cpd02893_c,5_Phosphoribosyl_4_carboxy_5_aminoimidazole
cpd02030_c,3_phosphoshikimate
cpd02775_c,4_Amino_5_phosphomethyl_2_methylpyrimidine
cpd02711_c,2_Keto_3_deoxy_6_phosphogluconate
cpd15423_c,CDP_1_2_ditetradecanoylglycerol
cpd11497_c,4_methyl_3_hydroxy_hexanoyl_ACP
cpd11432_c,fa11coa
cpd15522_c,1_2_ditetradecanoyl_sn_glycerol_3_phosphate
cpd11581_c,gly_asn_L
cpd03211_c,15_cis_Phytoene
cpd00438_e,Deoxyadenosine
cpd03696_e,Ursin
cpd15724_c,Diisotetradecanoylphosphatidylglycerol
cpd02590_c,all_trans_Heptaprenyl_diphosphate
cpd00804_c,Sorbitol_6_phosphate
cpd11531_c,9_methyl_trans_dec_2_enoyl_ACP
cpd11533_c,11_methyl_3_oxo_dodecanoyl_ACP
cpd15726_c,Dianteisopentadecanoylphosphatidylglycerol
cpd11434_c,fa12coa
cpd02631_c,DKDI
cpd03706_c,UppppU
cpd00016_c,Pyridoxal_phosphate
cpd15584_c,alpha_Methyl_D_glucoside
cpd00275_c,L_Kynurenine
cpd15796_c,Isotetradecanoylcardiolipin_B_subtilis
cpd15530_c,phosphatidylethanolamine_ditetradec_7_enoyl
cpd00059_c,L_Ascorbate
cpd08023_c,methanesulfonate
cpd00010_c,CoA
cpd11471_c,2E_Octenoyl_acp
cpd02993_c,Lipid_IVA
cpd08023_e,methanesulfonate
cpd00213_c,Lipoamide
cpd00504_c,LL_2_6_Diaminopimelate
cpd00251_c,ADPribose
cpd01882_c,Isovaleryl_CoA
cpd03585_c,KDO_lipid_IVA
cpd01335_c,Octanoyl_CoA
cpd00012_e,PPi
cpd15329_c,1_octadecanoyl_sn_glycerol_3_phosphate
cpd00012_c,PPi
cpd11473_c,2E_Hexenoyl_acp
cpd11512_c,12_methyl_3_oxo_tetra_decanoyl_ACP
cpd02700_c,S_2_Methylpropionyl_dihydrolipoamide
cpd00358_c,dUTP
cpd15687_c,CDP_1_2_dianteisopentadecanoylglycerol
cpd03708_c,2_4_Dihydroxyhept_2_enedioate
cpd00122_c,N_Acetyl_D_glucosamine
cpd15294_c,Tetradecenoyl_ACP
cpd00867_c,Inositol_1_phosphate
cpd15331_c,1_tetradecanoyl_sn_glycerol_3_phosphate
cpd00318_c,Tryptamine
cpd02557_c,Farnesylfarnesylgeraniol
cpd11536_c,11_methyl_dodecanoyl_ACP
cpd00236_c,D_Erythrose4_phosphate
cpd00842_c,S_3_Hydroxybutyryl_CoA
cpd15685_c,CDP_1_2_diisotetradecanoylglycerol
cpd03587_c,kdo2_lipid_a
cpd11477_c,2E_Hexadecenoyl_acp
cpd00508_c,3MOP
cpd01171_e,Dulcose
cpd00036_c,Succinate
cpd00268_e,H2S2O3
cpd11825_c,Octadecenoyl_ACP
cpd02738_c,5_Methyltetrahydropteroyltri_L_glutamate
cpd03002_c,Lipid_A_disaccharide
cpd00378_c,Formamide
cpd00238_c,Sedoheptulose7_phosphate
cpd01507_c,3_Oxoadipyl_CoA
cpd00762_c,4_Guanidinobutanoate
cpd15683_c,CDP_1_2_diisoheptadecanoylglycerol
cpd00051_c,L_Arginine
cpd15681_c,1_2_dianteisopentadecanoyl_sn_glycerol_3_phosphate
cpd00053_c,L_Glutamine
cpd00034_e,Zn2
cpd00034_c,Zn2
cpd11475_c,2E_Decenoyl_acp
cpd02685_c,N_acetyl_LL_2_6_diaminopimelate
cpd00147_c,5_Methylthioadenosine
cpd03698_c,Salicin_6P
cpd11430_c,fa1
cpd00337_c,Hydrouracil
cpd00334_c,L_Lactaldehyde
cpd00374_c,Tyramine
cpd15337_c,2_Acyl_sn_glycero_3_phosphoethanolamine_tetradecanoyl
cpd04242_c,DKH
cpd00219_c,Prephenate
cpd15764_c,Palmitoyllipoteichoic_acid_n24__linked__N_acetyl_D_glucosamine
cpd00390_c,CDP_glucose
cpd00032_c,Oxaloacetate
cpd15532_c,phosphatidylethanolamine_dihexadec_9enoyl
cpd11519_c,14_methyl_hexa_decanoyl_ACP
cpd00331_c,cis_Aconitate
cpd00030_e,Mn2
cpd00341_c,N_Carbamoylputrescine
cpd14507_c,Peptide_L_methionine_R_S_oxide
cpd15766_c,Stearoyllipoteichoic_acid_n24__linked__N_acetyl_D_glucosamine
cpd15378_c,4_Hydroxy_benzylalcohol
cpd02535_c,2_3_Dihydroxy_3_methylvalerate
cpd15555_c,phosphatidylserine_dihexadecanoyl
cpd15719_c,Diisopentadecanoylphosphatidylglycerophosphate
cpd02168_c,Prephytoene_diphosphate
cpd15308_c,1_2_Diacyl_sn_glycerol_ditetradec_7_enoyl
cpd00482_c,2_Phospho_D_glycerate
cpd11535_c,11_methyl_trans_dodec_2_enoyl_ACP
cpd00520_c,2_Dehydro_3_deoxy_L_pentonate
cpd00522_c,dTDP_4_oxo_L_rhamnose
cpd00807_c,L_histidinol_phosphate
cpd15277_c,Palmitoyl_ACP
cpd00388_c,Allantoate
cpd02522_c,2_Aminoadipate_6_semialdehyde
cpd15560_c,Ubiquinone_8
cpd15525_c,1_2_dihexadec_9_enoyl_sn_glycerol_3_phosphate
cpd00297_c,dTDP
cpd11499_c,4_methyl_hexanoyl_ACP
cpd00015_c,FAD
cpd02125_c,Tiglyl_CoA
cpd15669_c,glycerol_teichoic_acid_n45__linked__glucose_substituted
cpd02625_c,3_Hydroxy_L_1_pyrroline_5_carboxylate
cpd03063_c,3_Aminoisobutanoate
cpd02799_c,Methylisocitrate
cpd00773_c,UDP_MurNAc
cpd15357_c,2_octadec_11_enoyl_sn_glycerol_3_phosphate
cpd00666_c,Tartrate
cpd09844_c,3S_3_Hydroxyadipyl_CoA
cpd00239_c,H2S
cpd03049_c,2_Hydroxyethyl_ThPP
cpd15527_c,1_2_dioctadec_11_enoyl_sn_glycerol_3_phosphate
cpd00900_c,GDP_4_dehydro_D_rhamnose
cpd00760_c,2_Methylbutyryl_CoA
cpd02948_c,MurAcoyl_L_Ala_D_gamma_Glu_L_Lys_D_Ala_D_Ala_diphospho__undecaprenol
cpd00018_c,AMP
cpd11488_c,Acetoacetyl_ACP
cpd15717_c,Dianteisoheptadecanoylphosphatidylglycerophosphate
cpd11491_c,3_oxotetradecanoyl_acp
cpd03449_c,2_Octaprenyl_3_methyl_5_hydroxy_6_methoxy_1_4_benzoquinone
cpd15353_c,2_Demethylmenaquinol_8
cpd01710_c,2_Isopropylmaleate
cpd11583_e,Ala_Leu
cpd02255_c,3_oxoadipate_enol_lactone
cpd11583_c,Ala_Leu
cpd00367_c,Cytidine
cpd01982_c,5_Phosphoribosylamine
cpd03736_c,Lauroyl_KDO2_lipid_IVA
cpd00112_c,CMP_N_acetylneuraminate
cpd00755_c,Hydroxymethylbilane
cpd15355_c,2_hexadecanoyl_sn_glycerol_3_phosphate
cpd00782_c,Pimeloyl_CoA
cpd00876_c,3_Hydroxyisobutyrate
cpd00443_c,ABEE
cpd00254_c,Mg
cpd00130_c,L_Malate
cpd01587_c,5_Methylcytosine
cpd00196_c,Acetylphosphate
cpd00254_e,Mg
cpd00039_e,L_Lysine
cpd00449_c,Dihydrolipoamide
cpd11587_c,Ala_Gln
cpd15661_c,Prenol_45n_teichoic_acid
cpd00361_c,ACTN
cpd15689_c,Diisoheptadecanoylphosphatidylserine
cpd14955_c,Lipoyl_AMP
cpd11587_e,Ala_Gln
cpd11516_c,14_methyl_3_oxo_hexa_decanoyl_ACP
cpd02572_c,5_Carboxymethyl_2_hydroxymuconate
cpd15760_c,Isotetradecanoyllipoteichoic_acid_n24__linked__glucose_substituted
cpd00198_c,D_Xylulose5_phosphate
cpd02210_c,Indoleglycerol_phosphate
cpd00117_c,D_Alanine
cpd00339_c,5_Aminopentanoate
cpd00608_c,D_Altronate
cpd15663_c,Prenol_45n_teichoic_acid_alanine_substituted
cpd11581_e,gly_asn_L
cpd00397_c,L_Ribulose
cpd00395_c,L_Cysteate
cpd15758_c,Isoheptadecanoyllipoteichoic_acid_n24__linked__glucose_substituted
cpd11575_e,MOPS
cpd00395_e,L_Cysteate
cpd00897_c,CDP_4_dehydro_6_deoxy_D_glucose
cpd00298_c,dTMP
cpd03897_c,4a_Hydroxytetrahydrobiopterin
cpd00356_c,dCTP
cpd03127_c,2E_Tetradecenoyl_CoA
cpd11470_c,Octanoyl_ACP
cpd00425_c,CH32NH
cpd11567_c,14_methyl_3_hydroxy_pentadecanoyl_ACP
cpd00427_c,L_Arabinonate
cpd11565_c,12_methyl_tridecanoyl_ACP
cpd00393_c,Folate
cpd04918_c,D_Glycero_D_manno_heptose7_phosphate
cpd02140_c,AIR
cpd01947_c,BDOH
cpd15319_c,1_Acyl_sn_glycero_3_phosphoglycerol_tetradecanoyl
cpd03129_c,2E_Decenoyl_CoA
cpd15701_c,1_2_Diisoheptadecanoyl_sn_glycerol
cpd02546_c,CMP_KDO
cpd00794_c,TRHL
cpd11566_c,14_methyl_3_oxo_pentadecanoyl_ACP
cpd03123_c,3_Oxohexanoyl_CoA
cpd03128_c,Decanoyl_CoA
cpd15274_c,Octadecenoyl_CoA
cpd00090_c,IDP
cpd00641_c,L_Histidinol
cpd00343_c,N_Carbamoyl_L_aspartate
cpd00808_c,L_ribulose_5_phosphate
cpd03697_c,Arbutin_6P
cpd03119_c,3_Oxodecanoyl_CoA
cpd15306_c,1_2_Diacyl_sn_glycerol_didodecanoyl
cpd11548_c,4_methyl_trans_pent_2_enoyl_ACP
cpd02857_c,DAHP
cpd11494_c,Acetyl_ACP
cpd00350_c,Farnesyldiphosphate
cpd03125_c,2E_Hexenoyl_CoA
cpd15723_c,Dianteisoheptadecanoylphosphatidylglycerol
cpd11585_e,L_alanylglycine
cpd00276_e,GLUM
cpd15634_c,teichuronic_acid_GlcA__GalNac__45_repeating_unit
cpd15310_c,1_2_Diacyl_sn_glycerol_dihexadec_9_enoyl
cpd03121_c,3_Oxooctanoyl_CoA
cpd11585_c,L_alanylglycine
cpd01960_c,2_Oxohept_3_enedioate
cpd01844_c,Propionyl_phosphate
cpd12227_c,L_Glutamyl_tRNA_Glu
cpd00311_c,Guanosine
cpd11569_c,14_methyl_pentadecanoyl_ACP
cpd00982_c,FADH2
cpd00036_e,Succinate
cpd00957_c,2_5_Diamino_6_5_phosphoribosylamino_4_pyrimidineone
cpd11496_c,4_methyl_3_oxo_hexanoyl_ACP
cpd15667_c,glycerol_teichoic_acid_n45__linked__unsubstituted
cpd01966_c,Dimethylacryloyl_CoA
cpd00048_c,Sulfate
cpd02229_c,Bactoprenyl_diphosphate
cpd02591_c,pendp
cpd00017_c,S_Adenosyl_L_methionine
cpd00524_c,2_Inosose
cpd11589_c,gly_asp_L
cpd00805_c,D_Tagatose_6_phosphate
cpd11589_e,gly_asp_L
cpd01133_c,Stachyose
cpd01048_c,Arsenate
cpd15523_c,1_2_ditetradec_7_enoyl_sn_glycerol_3_phosphate
cpd02060_c,2E_Dodecenoyl_CoA
cpd12072_c,Protein_dithiol
cpd00109_c,Cytochrome_c3
cpd00274_c,Citrulline
cpd00011_c,CO2
cpd02124_c,2_Methylacetoacetyl_CoA
cpd15665_c,Peptidoglycan_polymer_n_subunits
cpd00863_c,beta_D_Glucose_6_phosphate
cpd01651_c,L_3_Cyanoalanine
cpd15521_c,1_2_didodecanoyl_sn_glycerol_3_phosphate
cpd00190_c,beta_D_Glucose
cpd00330_c,Dihydrofolate
cpd06227_c,THF_L_glutamate
cpd00106_c,Fumarate
cpd00106_e,Fumarate
cpd00133_c,Nicotinamide
cpd15323_c,1_Acyl_sn_glycero_3_phosphoglycerol_octadecanoyl
cpd02552_c,n_acetylglutamyl_phosphate
cpd11489_c,3_oxododecanoyl_acp
cpd00161_c,L_Threonine
cpd02692_c,2_Amino_3_carboxymuconate_semialdehyde
cpd11543_c,15_methyl_trans_hexa_dec_2_enoyl_ACP
cpd00104_e,BIOT
cpd01078_c,Selenide
cpd00104_c,BIOT
cpd00111_c,Oxidized_glutathione
cpd00954_c,6_hydroxymethyl_dihydropterin
cpd00540_c,BET
cpd00119_c,L_Histidine
cpd15325_c,1_dodecanoyl_sn_glycerol_3_phosphate
cpd00668_c,ALCTT
cpd11518_c,14_methyl_trans_hexa_dec_2_enoyl_ACP
cpd00113_c,Isopentenyldiphosphate
cpd00509_c,deoxyribose_1_phosphate
cpd00540_e,BET
cpd00179_c,Maltose
cpd00403_c,D_Mannonate
cpd16540_c,5_Deoxy_glucuronic_acid
cpd11522_c,5_methyl_3_hydroxy_hexanoyl_ACP
cpd00100_c,Glycerol
cpd00100_e,Glycerol
cpd02978_c,7_8_Dihydroneopterin_3_triphosphate
cpd02678_c,N_Formyl_GAR
cpd11217_c,1_4_Dihydroxy_2_naphthoyl_CoA
cpd00311_e,Guanosine
cpd00532_c,O2_
cpd00259_c,D_Lyxulose
cpd03584_c,UDP_3_O_beta_hydroxymyristoyl_D_glucosamine
cpd15700_c,Diisohexadecanoylphosphatidylethanolamine
cpd00149_e,Co2
cpd15484_c,heptosyl_heptosyl_kdo2_lipidA
cpd00861_c,UDP_N_acetyl_D_mannosamine
cpd11507_c,8_methyl_decanoyl_ACP
cpd00258_c,D_Ribulose
cpd02616_c,dTDP_4_amino_4_6_dideoxy_D_glucose
cpd00084_c,L_Cysteine
cpd00149_c,Co2
cpd00082_c,D_Fructose
cpd00347_c,5_10_Methenyltetrahydrofolate
cpd15485_c,heptosyl_kdo2_lipidA
cpd15725_c,Diisopentadecanoylphosphatidylglycerol
cpd00164_c,Glucuronate
cpd00635_e,Cbl
cpd00218_c,Niacin
cpd00421_c,Triphosphate
cpd00143_c,Phenylpyruvate
cpd01311_c,Dethiobiotin
cpd00802_c,D_fructose_1_phosphate
cpd11313_c,hemeO
cpd00080_c,Glycerol_3_phosphate
cpd15558_c,phosphatidylserine_dioctadec_11_enoyl
cpd12225_c,Dihydrolipolprotein
cpd02069_c,3_Phosphonooxypyruvate
cpd01949_c,S_S_2_3_Butanediol
cpd00080_e,Glycerol_3_phosphate
cpd04122_c,Aminoacetaldehyde
cpd00423_e,Vitamin_B12r
cpd02862_c,UDPMurAcoyl_L_Ala_D_gamma_Glu_L_Lys_D_Ala_D_Ala
cpd00423_c,Vitamin_B12r
cpd00158_c,CELB
cpd00075_e,Nitrite
cpd01772_c,Succinylbenzoate
cpd00086_c,Propionyl_CoA
cpd00139_c,Glycolate
cpd02851_c,AICAR
cpd00292_c,HMG_CoA
cpd00290_c,D_fructose_1_6_bisphosphate
cpd15561_c,Ubiquinol_8
cpd11508_c,10_methyl_3_oxo_dodecanoyl_ACP
cpd12543_c,Carboxybiotin_carboxyl_carrier_protein
cpd03586_c,kdo2_lipid_iva
cpd02021_c,Succinylbenzoyl_CoA
cpd15349_c,2_Acyl_sn_glycero_3_phosphoglycerol_octadec_11_enoyl
cpd01914_c,L_Methionine_S_oxide
cpd02371_c,D_Tagatose_1_6_biphosphate
cpd15554_c,phosphatidylserine_ditetradec_7_enoyl
cpd15694_c,Diisohexadecanoylphosphatidylserine
cpd00064_c,Ornithine
cpd15696_c,Dianteisoheptadecanoylphosphatidylethanolamine
cpd00066_c,L_Phenylalanine
cpd00296_c,dGMP
cpd00041_c,L_Aspartate
cpd00523_c,Trehalose_6_phosphate
cpd02536_c,Muconolactone
cpd01221_c,S_Acetoin
cpd12547_c,L_2_Lysophosphatidylethanolamine
cpd11529_c,9_methyl_3_oxo_decanoyl_ACP
cpd15328_c,1_octadec_11_enoyl_sn_glycerol_3_phosphate
cpd02147_c,4_Phosphoerythronate
cpd02375_c,Adenylosuccinate
cpd01695_c,Myristoyl_CoA
cpd00047_c,Formate
cpd00045_c,Adenosine_3_5_bisphosphate
cpd11830_c,S_Aminomethyldihydrolipoylprotein
cpd11501_c,6_methyl_3_hydroxy_octanoyl_ACP
cpd00322_e,L_Isoleucine
cpd02698_c,N_Succinyl_L_2_6_diaminopimelate
cpd00521_c,dTDP_4_oxo_6_deoxy_D_glucose
cpd02656_c,6_7_Dimethyl_8__1_D_ribityllumazine
cpd03671_c,D_Glucosamine1_phosphate
cpd15556_c,phosphatidylserine_dihexadec_9_enoyl
cpd15753_c,Anteisopentadecanoyllipoteichoic_acid_n24__linked__unsubstituted
cpd15238_c,Hexadecenoyl_CoA
cpd03189_c,3_Carboxy_1_hydroxypropyl_ThPP
cpd00272_c,GDP_L_fucose
cpd11582_e,ala_L_Thr_L
cpd00307_e,Cytosine
cpd11582_c,ala_L_Thr_L
cpd15755_c,Palmitoyllipoteichoic_acid_n24__linked__glucose_substituted
cpd08316_c,D_Glycero_D_manno_heptose1_7_bisphosphate
cpd11500_c,6_methyl_3_oxo_octanoyl_ACP
cpd00214_c,Palmitate
cpd00199_c,4_Oxobutanoate
cpd03414_c,UroporphyrinogenI
cpd03416_c,CoproporphyrinogenI
cpd11620_c,Reducedferredoxin
cpd02979_c,phosphoribosylformiminoaicar_phosphate
cpd02654_c,4_Methyl_5__2_phosphoethyl_thiazole
cpd00626_c,dTDPglucose
cpd00122_e,N_Acetyl_D_glucosamine
cpd15553_c,phosphatidylserine_ditetradecanoyl
cpd11502_c,6_methyl_trans_oct_2_enoyl_ACP
cpd02315_c,6_Pyruvoyltetrahydropterin
cpd00531_e,Hg2
cpd11586_c,ala_L_glu_L
cpd00128_c,Adenine
cpd11545_c,isobutyryl_ACP
cpd11586_e,ala_L_glu_L
cpd00210_c,Taurine
cpd15307_c,1_2_Diacyl_sn_glycerol_ditetradecanoyl
cpd08287_c,4__cytidine5_diphospho_2_C_methyl_D_erythritol
cpd15327_c,1_hexadecanoyl_sn_glycerol_3_phosphate
cpd00210_e,Taurine
cpd11578_e,hexanesulfonate
cpd15792_c,Myristoylcardiolipin_B_subtilis
cpd11580_c,Gly_Gln
cpd15699_c,Dianteisopentadecanoylphosphatidylethanolamine
cpd11580_e,Gly_Gln
cpd11547_c,4_methyl_3_hydroxy_pentanoyl_ACP
cpd03471_c,Nicotinate_D_ribonucleoside
cpd00956_c,1_2_carboxyphenylamino_1_deoxyribulose_5_phosphate
cpd00216_c,Chorismate
cpd00068_c,ITP
cpd00501_c,beta_D_Glucose_1_phosphate
cpd08289_c,1_deoxy_D_xylulose5_phosphate
cpd08301_c,2_C_methyl_D_erythritol2_4_cyclodiphosphate
cpd00025_c,H2O2
cpd02930_c,Lipid_X
cpd15704_c,1_2_Diisopentadecanoyl_sn_glycerol
cpd00146_c,Carbamoylphosphate
cpd02431_c,1_Pyrroline_5_carboxylate
cpd15340_c,2_Acyl_sn_glycero_3_phosphoethanolamine_hexadec_9_enoyl
cpd00644_c,PAN
cpd11421_c,trdrd
cpd00295_c,dGDP
cpd00027_e,D_Glucose
cpd00027_c,D_Glucose
cpd02068_c,3_Methylglutaconyl_CoA
cpd03200_c,Manninotriose
cpd00918_c,2_Acetamido_5_oxopentanoate
cpd15746_c,Palmitoyllipoteichoic_acid_n24__linked__unsubstituted
cpd15346_c,2_Acyl_sn_glycero_3_phosphoglycerol_hexadecanoyl
cpd00646_c,PNP
cpd00249_c,Uridine
cpd01157_c,Chitobiose
cpd01242_e,Thyminose
cpd03124_c,Hexanoyl_CoA
cpd00024_e,2_Oxoglutarate
cpd15342_c,2_Acyl_sn_glycero_3_phosphoethanolamine_octadec_11_enoyl
cpd00506_c,gamma_Glutamylcysteine
cpd02820_c,UDP_N_acetylglucosamine_enolpyruvate
cpd15672_c,1_anteisoheptadecanoyl_sn_glycerol_3_phosphate
cpd11431_c,fa11
cpd02597_c,cis_2_Methylaconitate
cpd01155_c,Cadaverine
cpd00023_c,L_Glutamate
cpd00299_c,dUMP
cpd15706_c,1_2_Diisohexadecanoyl_sn_glycerol
cpd00121_c,L_Inositol
cpd03126_c,2E_Hexadecenoyl_CoA
cpd00023_e,L_Glutamate
cpd00424_c,Cystathionine
cpd01716_c,3_Dehydroshikimate
cpd01030_e,Salicin
cpd01401_c,Vitamin_K1
cpd02826_c,5_Phosphoribosylformylglycinamidine
cpd03492_c,Undecaprenyl_diphospho_N_acetylmuramoyl_N_acetylglucosamine_L_alanyl_D_isoglutaminyl_L_lysyl_D_alanyl_D_alanine
cpd02721_c,DKHP
cpd00931_c,5_Amino_6__5_phosphoribosylaminouracil
cpd02884_c,FAICAR
cpd11568_c,14_methyl_trans_pentadec_2_enoyl_ACP
cpd00731_c,Ala_Ala
cpd02311_c,4_Imidazolone_5_propanoate
cpd00822_c,O_Succinyl_L_homoserine
cpd08615_c,1_Hydroxy_2_methyl_2_butenyl_4_diphosphate
cpd00873_c,Nicotinate_ribonucleotide
cpd00151_c,Thymine
cpd03122_c,S_Hydroxyhexanoyl_CoA
cpd00673_c,Dihydrothymine
cpd00689_c,Porphobilinogen
cpd11584_e,Ala_His
cpd03496_c,Undecaprenyl_diphospho_N_acetylmuramoyl_N_acetylglucosamine_L_alanyl_D_glutaminyl_meso_2_6_diaminopimeloyl_D_alanyl_D_alanine
cpd03120_c,S_Hydroxyoctanoyl_CoA
cpd00145_c,Hydroxypyruvate
cpd00978_c,dUDP
cpd11584_c,Ala_His
cpd00125_c,5_10_Methylenetetrahydrofolate
cpd15418_c,CDP_1_2_dihexadec_9_enoylglycerol
cpd15759_c,Anteisoheptadecanoyllipoteichoic_acid_n24__linked__glucose_substituted
cpd00060_c,L_Methionine
cpd00294_c,dAMP
cpd03480_c,2_Hydroxyphenylacetate
cpd00224_e,L_Arabinose
cpd09813_c,4_Hydroxymethylcatechol
cpd02083_c,CoproporphyrinogenIII
cpd08211_c,trans_trans_cis_Geranylgeranyl_diphosphate
cpd00525_c,UDP_N_acetylmuramoyl_L_alanyl_D_glutamate
cpd00854_c,Homoprotocatechuate
cpd03451_c,SHCHC
cpd00477_c,N_Acetyl_L_glutamate
cpd15692_c,Diisopentadecanoylphosphatidylserine
cpd00062_c,UTP
cpd00191_c,3_Oxopropanoate
cpd03494_c,Undecaprenyl_diphospho_N_acetylmuramoyl_L_alanyl_D_glutamyl_meso_2_6_diaminopimeloyl_D_alanyl_D_alanine
cpd02882_c,4__1_D_Ribitylamino_5_aminouracil
cpd11549_c,4_methyl_pentanoyl_ACP
cpd11588_e,gly_pro_L
cpd15320_c,1_Acyl_sn_glycero_3_phosphoglycerol_tetradec_7_enoyl
cpd15330_c,1_tetradec_7_enoyl_sn_glycerol_3_phosphate
cpd15322_c,1_Acyl_sn_glycero_3_phosphoglycerol_hexadec_9_enoyl
cpd00541_c,Lipoate
cpd11482_c,R_3_Hydroxydecanoyl_acyl_carrier_protein
cpd11540_c,13_methyl_tetra_decanoyl_ACP
cpd03519_c,2_5_Diaminopyrimidine_nucleoside_triphosphate
cpd01977_c,4_Phospho_L_aspartate
cpd00107_c,L_Leucine
cpd02234_c,R_3_Hydroxybutanoyl_CoA
cpd00107_e,L_Leucine
cpd00193_c,APS
cpd15324_c,1_Acyl_sn_glycero_3_phosphoglycerol_octadec_11_enoyl
cpd00428_c,2_Oxopropanal
cpd08286_c,2_C_methyl_D_erythritol4_phosphate
cpd00911_c,6_phospho_D_glucono_1_5_lactone
cpd00345_c,5_Methyltetrahydrofolate
cpd15674_c,1_isopentadecanoyl_sn_glycerol_3_phosphate
cpd02693_c,3_Isopropylmalate
cpd00105_e,D_Ribose
cpd00105_c,D_Ribose
cpd00300_c,Urate
cpd00247_c,Orotate
cpd02555_c,Tetrahydropteroyltri_L_glutamate
cpd00284_c,6_Phospho_D_gluconate
cpd02720_c,5_Amino_6__5_phosphoribitylaminouracil
cpd00400_c,Acrylate
cpd00932_c,5_O__1_Carboxyvinyl_3_phosphoshikimate
cpd02230_c,Inositol_4_phosphate
cpd10515_c,Fe2
cpd02886_c,UDP_3_O_beta_hydroxymyristoyl_N_acetylglucosamine
cpd00009_c,Phosphate
cpd11596_c,butanesulfonate
cpd00241_c,dGTP
cpd01476_c,Protoporphyrin
cpd00722_c,O_Acetyl_L_serine
cpd02691_c,2_methyl_3_hydroxy_butyryl_CoA
cpd11521_c,5_methyl_3_oxo_hexanoyl_ACP
cpd02724_c,N_Succinyl_L_2_amino_6_oxopimelate
cpd11505_c,8_methyl_3_hydroxy_decanoyl_ACP
cpd02921_c,SAICAR
cpd04920_c,D_Glycero_D_manno_heptose1_phosphate
cpd02701_c,S_Adenosyl_4_methylthio_2_oxobutanoate
cpd00231_c,Dihydrobiopterin
cpd00085_c,beta_Alanine
cpd11441_c,fa6coa
cpd00153_c,Benzoate
cpd00007_c,O2
cpd11466_c,Myristoyl_ACP
cpd11560_c,10_methyl_trans_undec_2_enoyl_ACP
cpd03052_c,Imidazole_acetaldehyde
cpd01150_c,Acrylamide
cpd11506_c,8_methyl_trans_dec_2_enoyl_ACP
cpd00810_c,Orotidylic_acid
cpd02045_c,1_Hydroxy_2_naphthoate
cpd00103_c,PRPP
cpd11541_c,15_methyl_3_oxo_hexa_decanoyl_ACP
cpd00005_c,NADPH
cpd11464_c,Butyryl_ACP
cpd00699_c,5_Dehydroquinate
cpd00081_c,Sulfite
cpd00764_c,7_8_Diaminononanoate
cpd00293_c,N_Acetyl_D_glucosamine_6_phosphate
cpd11564_c,12_methyl_trans_tridec_2_enoyl_ACP
cpd00098_c,Choline
cpd15344_c,2_Acyl_sn_glycero_3_phosphoglycerol_tetradecanoyl
cpd11596_e,butanesulfonate
cpd03572_c,S_3_Hydroxyisobutyryl_CoA
cpd09806_c,m_Cresotic_acid
cpd00703_c,Indoleacetate
cpd00087_c,Tetrahydrofolate
cpd15678_c,1_2_dianteisoheptadecanoyl_sn_glycerol_3_phosphate
cpd02227_c,S_Ribosylhomocysteine
cpd01324_c,L_Histidinal
cpd00132_c,L_Asparagine
cpd11524_c,5_methyl_hexanoyl_ACP
cpd00142_c,Acetoacetate
cpd02730_c,3_Deoxy_D_manno_octulosonate8_phosphate
cpd12848_c,Holo_carboxylase
cpd15348_c,2_Acyl_sn_glycero_3_phosphoglycerol_octadecanoyl
cpd00065_c,L_Tryptophan
cpd02096_c,L_3_Amino_isobutyrate
cpd01080_c,ocdca
cpd00042_c,GSH
cpd15722_c,Diisoheptadecanoylphosphatidylglycerol
cpd00129_e,L_Proline
cpd00860_c,S_Succinyldihydrolipoamide
cpd03326_c,2_Hydroxyhepta_2_4_dienedioate
cpd00924_c,AppppA
cpd11485_c,3_oxohexadecanoyl_acp
cpd15771_c,Anteisopentadecanoyllipoteichoic_acid_n24__linked__N_acetyl_D_glucosamine
cpd00971_e,Na
cpd00875_c,KDO
cpd00971_c,Na
cpd00040_c,Glyoxalate
cpd00498_c,2_Aceto_2_hydroxybutanoate
cpd00905_c,Guanosine_3_5_bisdiphosphate
cpd15752_c,Isopentadecanoyllipoteichoic_acid_n24__linked__unsubstituted
cpd00492_c,N_Acetyl_D_mannosamine
cpd00908_c,Glycerophosphoethanolamine
cpd15797_c,Isopentadecanoylcardiolipin_B_subtilis
cpd02507_c,5_Carboxy_2_oxohept_3_enedioate
cpd00006_c,NADP
cpd03518_c,Formamidopyrimidine_nucleoside_triphosphate
cpd15695_c,Diisoheptadecanoylphosphatidylethanolamine
cpd11528_c,7_methyl_octanoyl_ACP
cpd00044_c,3_phosphoadenylylsulfate
cpd15720_c,Dianteisopentadecanoylphosphatidylglycerophosphate
cpd11542_c,15_methyl_3_hydroxy_hexa_decanoyl_ACP
cpd00249_e,Uridine
cpd15690_c,Dianteisoheptadecanoylphosphatidylserine
cpd15799_c,Isohexadecanoylcardiolipin_B_subtilis
cpd01981_c,5_Methylthio_D_ribose
cpd14702_c,2_Methyl_1_hydroxybutyl_TPP
cpd00048_e,Sulfate
cpd11503_c,6_methyl_octanoyl_ACP
cpd02197_c,5_Formyltetrahydrofolate
cpd15793_c,Stearoylcardiolipin_B_subtilis
cpd03646_c,gamma_Glutamyl_3_aminopropiononitrile
cpd00123_c,3_Methyl_2_oxobutanoate
cpd15769_c,Isotetradecanoyllipoteichoic_acid_n24__linked__N_acetyl_D_glucosamine
cpd11546_c,4_methyl_3_oxo_pentanoyl_ACP
cpd03078_c,Selenophosphate
cpd02636_c,4_Methyl_5__2_hydroxyethyl_thiazole
cpd00136_c,4_Hydroxybenzoate
cpd02498_c,2_3_Dihydroxy_isovalerate
cpd15768_c,Anteisoheptadecanoyllipoteichoic_acid_n24__linked__N_acetyl_D_glucosamine
cpd00046_c,CMP
cpd15536_c,Phosphatidylglycerol_ditetradecanoyl
cpd15795_c,Anteisoheptadecanoylcardiolipin_B_subtilis
cpd03424_c,Vitamin_B12
cpd00083_c,GDP_mannose
cpd00002_c,ATP
cpd03470_c,Iminoaspartate
cpd00446_c,cAMP
cpd15326_c,1_hexadec_9_enoyl_sn_glycerol_3_phosphate
cpd00162_c,Aminoethanol
cpd15791_c,Palmitoylcardiolipin_B_subtilis
cpd08288_c,2_phospho_4__cytidine5_diphospho_2_C_methyl_D_erythritol
cpd00089_c,Glucose_1_phosphate
cpd00438_c,Deoxyadenosine
cpd01973_c,4_Guanidinobutanamide
cpd11556_c,8_methyl_trans_non_2_enoyl_ACP
cpd00069_c,L_Tyrosine
cpd00351_c,Saccharopine
cpd15534_c,phosphatidylethanolamine_dioctadec_11_enoyl
cpd11469_c,2E_Dodecenoyl_acp
cpd11588_c,gly_pro_L
cpd11544_c,15_methyl_hexa_decanoyl_ACP
cpd00138_e,D_Mannose
cpd00164_e,Glucuronate
cpd00408_c,Pantoate
cpd14700_c,2_Methyl_1_hydroxypropyl_TPP
cpd15756_c,Myristoyllipoteichoic_acid_n24__linked__glucose_substituted
cpd15347_c,2_Acyl_sn_glycero_3_phosphoglycerol_hexadec_9_enoyl
cpd00387_c,ADPglucose
cpd00327_c,strcoa
cpd00024_c,2_Oxoglutarate
cpd00201_c,10_Formyltetrahydrofolate
cpd00307_c,Cytosine
cpd03407_c,gamma_Glutamyl_beta_cyanoalanine
cpd00588_e,Sorbitol
cpd15750_c,Anteisoheptadecanoyllipoteichoic_acid_n24__linked__unsubstituted
cpd00102_c,Glyceraldehyde3_phosphate
cpd00222_c,GLCN
cpd00729_c,5_Aminopentanamide
cpd03343_e,Phenylpropanoate
cpd01997_c,Dimethylbenzimidazole
cpd03343_c,Phenylpropanoate
cpd00026_c,UDP_glucose
cpd00596_c,Oxalurate
cpd00229_c,Glycolaldehyde
cpd02098_c,L_xylo_Hexulonolactone
cpd11520_c,isovaleryl_ACP
cpd03491_c,Undecaprenyl_diphospho_N_acetylmuramoyl_N_acetylglucosamine_L_alanyl_gamma_D_glutamyl_L_lysyl_D_alanyl_D_alanine
cpd15671_c,1_isoheptadecanoyl_sn_glycerol_3_phosphate
cpd02279_c,NG_NG_Dimethyl_L_arginine
cpd00186_c,D_Glutamate
cpd03920_c,Adenosylcobinamide_GDP
cpd15763_c,Isohexadecanoyllipoteichoic_acid_n24__linked__glucose_substituted
cpd15343_c,2_Acyl_sn_glycero_3_phosphoglycerol_dodecanoyl
cpd15341_c,2_Acyl_sn_glycero_3_phosphoethanolamine_n_C18_0
cpd15362_c,2_tetradec_7_enoyl_sn_glycerol_3_phosphate
cpd11420_c,trdox
cpd00800_c,8_Amino_7_oxononanoate
cpd00126_c,GMP
cpd00022_c,Acetyl_CoA
cpd00184_e,Thymidine
cpd00305_c,Thiamin
cpd00184_c,Thymidine
cpd00305_e,Thiamin
cpd15754_c,Isohexadecanoyllipoteichoic_acid_n24__linked__unsubstituted
cpd15345_c,2_Acyl_sn_glycero_3_phosphoglycerol_tetradec_7_enoyl
cpd11527_c,7_methyl_trans_oct_2_enoyl_ACP
cpd00712_c,2_Dehydropantoate
cpd01919_c,maltose_6_phosphate
cpd02566_c,2_3_Dihydroxy_2_3_dihydrobenzoate
cpd00599_c,SALC
cpd00930_c,imidazole_acetol_phosphate
cpd00063_e,Ca2
cpd00507_c,Glycerophosphocholine
cpd00588_c,Sorbitol
cpd03495_c,Undecaprenyl_diphospho_N_acetylmuramoyl__N_acetylglucosamine_L_ala_D_glu_meso_2_6_diaminopimeloyl_D_ala_D_ala
cpd16335_c,2_Succinyl_5_enolpyruvyl_6_hydroxy_3_cyclohexene_1_carboxylate
cpd00359_c,indol
cpd02113_c,dTDP_rhamnose
cpd15538_c,Phosphatidylglycerol_dihexadecanoyl
cpd11504_c,8_methyl_3_oxo_decanoyl_ACP
cpd00020_c,Pyruvate
cpd00672_c,D_Fructuronate
cpd03187_c,Oxalosuccinate
cpd00182_e,Adenosine
cpd00851_c,trans_4_Hydroxy_L_proline
cpd02666_c,R_4_Phosphopantothenoyl_L_cysteine
cpd08210_c,ADC
cpd15321_c,1_Acyl_sn_glycero_3_phosphoglycerol_hexadecanoyl
cpd00067_c,H
cpd15691_c,Diisotetradecanoylphosphatidylserine
cpd00067_e,H
cpd00232_c,Neu5Ac
cpd04117_c,4_Methylcatechol
cpd03734_c,Acetamide
cpd15757_c,Stearoyllipoteichoic_acid_n24__linked__glucose_substituted
cpd11478_c,R_3_Hydroxybutanoyl_acyl_carrier_protein
cpd11498_c,4_methyl_trans_hex_2_enoyl_ACP
cpd00061_c,Phosphoenolpyruvate
cpd02904_c,alpha_Ribazole_5_phosphate
cpd15693_c,Dianteisopentadecanoylphosphatidylserine
cpd15269_c,octadecenoate
cpd03847_c,Myristic_acid
cpd15675_c,1_anteisopentadecanoyl_sn_glycerol_3_phosphate
cpd03446_c,2_Octaprenyl_6_methoxyphenol
cpd00794_e,TRHL
cpd00858_c,L_Glutamate5_semialdehyde
cpd03752_c,Galactitol_1_phosphate
cpd15703_c,1_2_Diisotetradecanoyl_sn_glycerol
cpd00348_c,D_Galactose_1_phosphate
cpd00207_c,Guanine
cpd00242_c,H2CO3
cpd03423_c,alpha_Ribazole
cpd15673_c,1_isotetradecanoyl_sn_glycerol_3_phosphate
cpd03444_c,2_Octaprenylphenol
cpd02333_c,Quinolinate
cpd02135_c,4_Nitrophenyl_phosphate
cpd00765_c,L_Gulonolactone
cpd00209_e,Nitrate
cpd12689_c,3_Oxotetradecanoyl_CoA
cpd11483_c,R_3_Hydroxyoctanoyl_acyl_carrier_protein
cpd00209_c,Nitrate
cpd00859_c,Pseudouridine_5_phosphate
cpd11591_c,Gly_Met
cpd00030_c,Mn2
cpd15309_c,1_2_Diacyl_sn_glycerol_dihexadecanoyl
cpd00155_c,Glycogen
cpd00836_c,S_Acetyldihydrolipoamide
cpd00203_c,1_3_Bisphospho_D_glycerate
cpd00246_c,Inosine
cpd00890_c,UDP_N_acetylmuramoyl_L_alanine
cpd00510_c,deoxyribose_5_phosphate
cpd00447_c,Betaine_aldehyde
cpd03114_c,3_Oxopalmitoyl_CoA
cpd11525_c,7_methyl_3_oxo_octanoyl_ACP
cpd03116_c,S_3_Hydroxydodecanoyl_CoA
cpd02920_c,2_Amino_4_hydroxy_6_hydroxymethyl_7_8_dihydropteridinediphosphate
cpd02235_c,1_Pyrroline_2_carboxylate
cpd00182_c,Adenosine
cpd00008_c,ADP
cpd00205_c,K
cpd00205_e,K
cpd00483_c,3_Hydroxyanthranilate
cpd15677_c,1_2_diisoheptadecanoyl_sn_glycerol_3_phosphate
cpd15603_e,Gly_Cys
cpd02961_c,Dihydroneopterin
cpd11467_c,2E_Tetradecenoyl_acp
cpd00004_c,NADH
cpd15603_c,Gly_Cys
cpd11225_c,3_4_dihydroxy_2_butanone4_phosphate
cpd00939_c,Toxopyrimidine
cpd00817_c,D_Arabinose5_phosphate
cpd03118_c,S_Hydroxydecanoyl_CoA
cpd00226_c,HYXN
cpd15543_c,Phosphatidylglycerophosphate_ditetradecanoyl
cpd00309_c,XAN
cpd11487_c,3_oxodecanoyl_acp
cpd02175_c,cis_4_Hydroxy_D_proline
cpd11465_c,But_2_enoyl_acyl_carrier_protein
cpd00029_c,Acetate
cpd00516_c,meso_2_6_Diaminopimelate
cpd02394_c,GAR
cpd00224_c,L_Arabinose
cpd12115_c,Arabinan
cpd15499_c,Menaquinol_8
cpd15547_c,Phosphatidylglycerophosphate_dioctadecanoyl
cpd01329_c,Maltohexaose
cpd01329_e,Maltohexaose
cpd15552_c,phosphatidylserine_didodecanoyl
cpd02295_c,1_4_Dihydroxy_2_naphthoate
cpd02740_c,Guanosine_5_triphosphate_3_diphosphate
cpd15702_c,1_2_Dianteisoheptadecanoyl_sn_glycerol
cpd03205_c,Phytoene
cpd01974_c,4_Hydroxy_L_glutamate
cpd00220_c,Riboflavin
cpd15541_c,Phosphatidylglycerol_dioctadec_11_enoyl
cpd15679_c,1_2_diisotetradecanoyl_sn_glycerol_3_phosphate
cpd00244_e,Ni2
cpd00092_e,Uracil
cpd00108_c,Galactose
cpd00092_c,Uracil
cpd11558_c,10_methyl_3_oxo_undecanoyl_ACP
cpd00244_c,Ni2
cpd15488_c,heptosyl_phospho_heptosyl_heptosyl_kdo2_lipidA
cpd01620_c,Precorrin_2
cpd00235_c,D_mannose_6_phosphate
cpd00268_c,H2S2O3
cpd03524_c,10_Formyl_THF_L_glutamate
cpd08449_c,3_Amino_2_oxopropyl_phosphate
cpd03830_c,ADP_D_glycero_D_manno_heptose
cpd02991_c,phosphoribulosylformimino_AICAR_phosphate
cpd00793_c,Thiamine_phosphate
cpd00176_c,2_keto_3_deoxygluconate
cpd11593_e,ala_L_asp_L
cpd01749_c,N_Formylkynurenine
cpd11593_c,ala_L_asp_L
cpd11484_c,HMA
cpd00096_c,CDP
cpd02201_c,4_phosphopantothenate
cpd15531_c,phosphatidylethanolamine_dihexadecanoyl
cpd15721_c,Diisohexadecanoylphosphatidylglycerophosphate
cpd00287_c,3_Oxo_2_methylpropanoate
cpd00367_e,Cytidine
cpd11550_c,6_methyl_3_oxo_heptanoyl_ACP
cpd00159_c,L_Lactate
cpd00868_c,p_hydroxyphenylpyruvate
cpd11579_e,ethanesulfonate
cpd00497_c,XMP
cpd00001_c,H2O
cpd11526_c,7_methyl_3_hydroxy_octanoyl_ACP
cpd11481_c,R_3_hydroxypalmitoyl_acyl_carrierprotein_
cpd11912_c,tRNA_Glu
cpd11551_c,6_methyl_3_hydroxy_heptanoyl_ACP
cpd00283_c,Geranyldiphosphate
cpd00340_c,2_5_Dioxopentanoate
cpd00009_e,Phosphate
cpd15302_c,glycogenn_1
cpd15545_c,Phosphatidylglycerophosphate_dihexadecanoyl
cpd15605_c,Gly_Phe
cpd10162_c,R_3_Hydroxy_3_methyl_2_oxopentanoate
cpd15535_c,Phosphatidylglycerol_didodecanoyl
cpd00363_c,Ethanol
cpd15537_c,Phosphatidylglycerol_ditetradec_7_enoyl
cpd02626_c,1_Pyrroline_4_hydroxy_2_carboxylate
cpd02016_c,N_Ribosylnicotinamide
cpd11563_c,12_methyl_3_hydroxy_tridecanoyl_ACP
cpd00342_c,N_Acetylornithine
cpd00003_c,NAD
cpd00101_c,ribose_5_phosphate
cpd14703_c,S_2_Methylbutanoyl_dihydrolipoamide_E
cpd15419_c,CDP_1_2_dihexadecanoylglycerol
cpd00655_c,Dephospho_CoA
cpd00063_c,Ca2
cpd11468_c,Dodecanoyl_ACP
cpd09878_c,Sulfoacetate
cpd09878_e,Sulfoacetate
cpd01720_c,3_Ureidopropanoate
cpd02345_c,L_Glutamate1_semialdehyde
cpd15539_c,Phosphatidylglycerol_dihexadec_9_enoyl
cpd03443_c,3_Octaprenyl_4_hydroxybenzoate
cpd00344_c,N_Formimino_L_glutamate
cpd00346_c,L_Aspartate4_semialdehyde
cpd00727_c,2_Phosphoglycolate
cpd00281_c,GABA
cpd01242_c,Thyminose
cpd00567_c,D_Proline
cpd00382_c,Melitose
cpd11509_c,10_methyl_3_hydroxy_dodecanoyl_ACP
cpd15676_c,1_isohexadecanoyl_sn_glycerol_3_phosphate
cpd00078_c,Succinyl_CoA
cpd15688_c,CDP_1_2_diisohexadecanoylglycerol
cpd15298_c,tetradecenoate
cpd11573_c,Octodecanoyl_ACP
cpd00180_c,Oxalate
cpd15354_c,2_hexadec_9_enoyl_sn_glycerol_3_phosphate
cpd02465_c,tetrahydrodipicolinate
cpd00791_c,ProtoporphyrinogenIX
cpd00110_c,Cytochrome_c2
cpd00288_c,D_Glucosamine_phosphate
cpd00386_c,D_Malate
cpd03034_c,3_Ureidoisobutyrate
cpd00094_c,2_Oxobutyrate
cpd00280_e,D_Galacturonate
cpd15313_c,1_Acyl_sn_glycero_3_phosphoethanolamine_dodecanoyl
cpd01646_c,2_Isopropylmalate
cpd00280_c,D_Galacturonate
cpd00157_c,Glycerone
cpd00834_c,Phosphopantetheine
cpd03606_c,2_Oxo_3_hydroxy_4_phosphobutanoate
cpd00946_c,Undecaprenyl_diphospho_N_acetyl_glucosamine
cpd00480_c,2_Dehydro_D_gluconate
cpd04098_e,Arsenite
cpd08366_c,2R_Phosphosulfolactate
cpd00349_c,Sedoheptulose_1_7_bisphosphate
cpd02843_c,D_erythro_imidazol_glycerol_phosphate
cpd00260_c,Isocitrate
cpd04098_c,Arsenite
cpd15316_c,1_Acyl_sn_glycero_3_phosphoethanolamine_hexadecanoyl
cpd11571_c,3_Hydroxyoctodecanoyl_ACP
cpd00039_c,L_Lysine
cpd00098_e,Choline
cpd00843_c,Tartronate_semialdehyde
cpd00141_c,Propionate
cpd15317_c,1_Acyl_sn_glycero_3_phosphoethanolamine_hexadec_9_enoyl
cpd01012_e,Cd2
cpd02211_c,L_2_Amino_acetoacetate
cpd00465_c,Ureidoglycolate
cpd11575_c,MOPS
cpd01630_c,cis_cis_Muconate
cpd11552_c,6_methyl_trans_hept_2_enoyl_ACP
cpd02187_c,Methacrylyl_CoA
cpd02968_c,UDP_N_acetylmuramoyl_L_alanyl_D_glutamyl_6_carboxy_L_lysyl_D_alanyl__D_alanine
cpd00264_c,Spermidine
cpd15311_c,1_2_Diacyl_sn_glycerol_dioctadecanoyl
cpd15417_c,CDP_1_2_didodecanoylglycerol
cpd01741_c,ddca
cpd00264_e,Spermidine
cpd11579_c,ethanesulfonate
cpd00170_c,Gluconolactone
cpd15529_c,phosphatidylethanolamine_ditetradecanoyl
cpd15697_c,Diisotetradecanoylphosphatidylethanolamine
cpd11486_c,3_Oxohexanoyl_acp
cpd03919_c,Adenosyl_cobinamide_phosphate
cpd11591_e,Gly_Met
cpd01048_e,Arsenate
cpd15268_c,Octadecanoyl_ACP
cpd15420_c,CDP_1_2_dioctadec_11_enoylglycerol
cpd01747_c,Indole_3_acetamide
cpd02152_c,L_Argininosuccinate
cpd02090_c,Glycerophosphoglycerol
cpd11480_c,D_3_Hydroxydodecanoyl_acp
cpd00658_c,Isochorismate
cpd11554_c,8_methyl_3_oxo_nonanoyl_ACP
cpd06707_c,Benzamide
cpd02964_c,UDP_N_acetylmuramoyl_L_alanyl_D_gamma_glutamyl_meso_2_6_diaminopimelate
cpd03091_c,5_Deoxyadenosine
