cpd00290_c,D-fructose-1_6-bisphosphate
cpd00134_c,Palmitoyl-CoA
cpd03420_c,Precorrin_3A
cpd00208_c,LACT
cpd00797_c,R-3-Hydroxybutanoate
cpd00156_e,L-Valine
cpd00070_c,Malonyl-CoA
cpd00043_c,UDP-galactose
cpd11439_c,fa4coa
cpd01217_c,Xanthosine
cpd02894_c,4-Amino-2-methyl-5-diphosphomethylpyrimidine
cpd00119_c,L-Histidine
cpd00033_c,Glycine
cpd09791_c,3-Methylsalicylate
cpd03113_c,S-3-Hydroxyhexadecanoyl-CoA
cpd11514_c,12-methyl-trans-tetra-dec-2-enoyl-ACP
cpd01932_c,1_2-Naphthalenediol
cpd11523_c,5-methyl-trans-hex-2-enoyl-ACP
cpd15606_c,Gly-Tyr
cpd15339_c,2-Acyl-sn-glycero-3-phosphoethanolamine_n-C16_0
cpd15606_e,Gly-Tyr
cpd15727_c,Diisohexadecanoylphosphatidylglycerol
cpd15314_c,1-Acyl-sn-glycero-3-phosphoethanolamine_tetradecanoyl
cpd08368_c,Cobalt-precorrin_2
cpd11590_c,met-L-ala-L
cpd11606_c,Menaquinone_7
cpd11590_e,met-L-ala-L
cpd15604_e,Gly-Leu
cpd15604_c,Gly-Leu
cpd03117_c,3-Oxododecanoyl-CoA
cpd00072_c,D-fructose-6-phosphate
cpd00028_c,Heme
cpd03488_c,Undecaprenyl-diphospho-N-acetylmuramoyl-N-acetylglucosamine-L-alanyl-D-glutaminyl-L-lysyl-D-alanyl-D-alanine
cpd15749_c,Isoheptadecanoyllipoteichoic_acid_n=24__linked__unsubstituted
cpd00183_c,Sarcosine
cpd00076_e,Sucrose
cpd00227_c,L-Homoserine
cpd15318_c,1-Acyl-sn-glycero-3-phosphoglycerol_dodecanoyl
cpd15542_c,Phosphatidylglycerophosphate_didodecanoyl
cpd00076_c,Sucrose
cpd15422_c,CDP-1_2-ditetradec-7-enoylglycerol
cpd00258_c,D-Ribulose
cpd02172_c,Solanesyl_diphosphate
cpd11534_c,11-methyl-3-hydroxy-dodecanoyl-ACP
cpd11437_c,fa3coa
cpd00515_c,5-Dehydro-4-deoxy-D-glucarate
cpd00200_c,4MOP
cpd03447_c,2-Octaprenyl-6-methoxy-1_4-benzoquinone
cpd03606_c,2-Oxo-3-hydroxy-4-phosphobutanoate
cpd10515_c,Fe2
cpd01777_c,Phosphoribosyl-AMP
cpd03115_c,S-3-Hydroxytetradecanoyl-CoA
cpd11536_c,11-methyl-dodecanoyl-ACP
cpd15662_c,Prenol-45n_teichoic_acid-glucose_substituted
cpd15546_c,Phosphatidylglycerophosphate_dihexadec-9-enoyl
cpd15585_c,beta-Methylglucoside
cpd00475_c,Ribose_1-phosphate
cpd15705_c,1_2-Dianteisopentadecanoyl-sn-glycerol
cpd11433_c,fa12
cpd00519_c,D-methylmalonyl-CoA
cpd11476_c,hexadecanoyl-acp
cpd00223_c,Glycerate
cpd00221_c,D-Lactate
cpd11564_c,12-methyl-trans-tridec-2-enoyl-ACP
cpd15540_c,Phosphatidylglycerol_dioctadecanoyl
cpd12237_c,Peptide-L-methionine
cpd00774_c,UroporphyrinogenIII
cpd14699_c,S-3-Methylbutanoyl-dihydrolipoamide-E
cpd11532_c,9-methyl-decanoyl-ACP
cpd11435_c,fa1coa
cpd00042_c,GSH
cpd00461_c,Oxopent-4-enoate
cpd00897_c,CDP-4-dehydro-6-deoxy-D-glucose
cpd00861_c,UDP-N-acetyl-D-mannosamine
cpd00013_e,NH3
cpd00013_c,NH3
cpd03833_c,Precorrin_3B
cpd11592_c,gly-glu-L
cpd00056_c,TPP
cpd00093_c,Anthranilate
cpd02246_c,CoM
cpd00448_c,D-Glyceraldehyde
cpd00891_c,L-methylmalonyl-CoA
cpd00863_c,beta-D-Glucose_6-phosphate
cpd11557_c,8-methyl-nonanoyl-ACP
cpd11513_c,12-methyl-3-hydroxy-tetra-decanoyl-ACP
cpd00058_e,Cu2
cpd00179_e,Maltose
cpd11559_c,10-methyl-3-hydroxy-undecanoyl-ACP
cpd00058_c,Cu2
cpd00792_c,Reduced_coenzyme_F420
cpd11555_c,8-methyl-3-hydroxy-nonanoyl-ACP
cpd00635_c,Cbl
cpd15603_c,Gly-Cys
cpd03279_c,Deoxyinosine
cpd15237_c,hexadecenoate
cpd00052_c,CTP
cpd11640_c,H2
cpd15686_c,CDP-1_2-diisopentadecanoylglycerol
cpd00286_c,Undecaprenylphosphate
cpd11474_c,Decanoyl-ACP
cpd03445_c,2-Octaprenyl-6-hydroxyphenol
cpd00908_c,Glycerophosphoethanolamine
cpd00939_c,Toxopyrimidine
cpd00268_c,H2S2O3
cpd00637_e,D_Methionine
cpd00430_c,PACT
cpd00637_c,D_Methionine
cpd03448_c,2-Octaprenyl-3-methyl-6-methoxy-1_4-benzoquinone
cpd00683_c,Dihydropteroate
cpd00054_c,L-Serine
cpd00091_c,UMP
cpd11492_c,Malonyl-acyl-carrierprotein
cpd15684_c,CDP-1_2-dianteisoheptadecanoylglycerol
cpd12115_c,Arabinan
cpd00638_c,Deamido-NAD
cpd15312_c,1_2-Diacyl-sn-glycerol_dioctadec-11-enoyl
cpd00050_c,FMN
cpd00109_c,Cytochrome
cpd00282_c,S-Dihydroorotate
cpd11478_c,R-3-Hydroxybutanoyl-acyl-carrier_protein
cpd00037_c,UDP-N-acetylglucosamine
cpd03426_c,Sirohydrochlorin
cpd15770_c,Isopentadecanoyllipoteichoic_acid_n=24__linked__N-acetyl-D-glucosamine
cpd15543_c,Phosphatidylglycerophosphate_ditetradecanoyl
cpd00434_c,4-Aminobutanal
cpd11511_c,10-methyl-dodecanoyl-ACP
cpd00477_c,N-Acetyl-L-glutamate
cpd00654_c,Deoxycytidine
cpd15239_c,Hexadecenoyl-ACP
cpd00053_e,L-Glutamine
cpd15680_c,1_2-diisopentadecanoyl-sn-glycerol_3-phosphate
cpd01647_c,2-Phenylacetamide
cpd00035_c,L-Alanine
cpd15544_c,Phosphatidylglycerophosphate_ditetradec-7-enoyl
cpd02484_c,Inositol_3-phosphate
cpd01011_c,Butanal
cpd00383_c,Shikimate
cpd15767_c,Isoheptadecanoyllipoteichoic_acid_n=24__linked__N-acetyl-D-glucosamine
cpd15605_e,Gly-Phe
cpd03130_c,2E-Octenoyl-CoA
cpd00533_c,dCDP
cpd15798_c,Anteisopentadecanoylcardiolipin_B._subtilis
cpd15336_c,2-Acyl-sn-glycero-3-phosphoethanolamine_dodecanoyl
cpd00650_c,Crotonyl-CoA
cpd00074_c,S
cpd01017_c,Cys-Gly
cpd02967_c,N-Acetyl-beta-D-mannosaminyl-1_4-N-acetyl-D-_glucosaminyldiphosphoundecaprenol
cpd01017_e,Cys-Gly
cpd00581_c,Urocanate
cpd15682_c,1_2-diisohexadecanoyl-sn-glycerol_3-phosphate
cpd04539_c,2-Amino-3-oxo-4-phosphonooxybutyrate
cpd00031_c,GDP
cpd15548_c,Phosphatidylglycerophosphate_dioctadec-11-enoyl
cpd15772_c,Isohexadecanoyllipoteichoic_acid_n=24__linked__N-acetyl-D-glucosamine
cpd00438_c,Deoxyadenosine
cpd15751_c,Isotetradecanoyllipoteichoic_acid_n=24__linked__unsubstituted
cpd09812_c,4-Hydroxymethylsalicylate
cpd15747_c,Myristoyllipoteichoic_acid_n=24__linked__unsubstituted
cpd01262_e,Amylotriose
cpd01262_c,Amylotriose
cpd03666_c,2_5-Diamino-6-5'-triphosphoryl-3'_4'-trihydroxy-2'-oxopentyl-_amino-4-oxopyrimidine
cpd00095_c,Glycerone-phosphate
cpd11549_c,4-methyl-pentanoyl-ACP
cpd00800_c,8-Amino-7-oxononanoate
cpd03048_e,Isethionate
cpd03724_e,Ferrichrome
cpd03048_c,Isethionate
cpd00079_c,D-glucose-6-phosphate
cpd15526_c,1_2-dioctadecanoyl-sn-glycerol_3-phosphate
cpd15718_c,Diisotetradecanoylphosphatidylglycerophosphate
cpd15524_c,1_2-dihexadecanoyl-sn-glycerol_3-phosphate
cpd00755_c,Hydroxymethylbilane
cpd03198_c,Melibiose
cpd00481_c,Isobutyryl-CoA
cpd00014_c,UDP
cpd00314_e,D-Mannitol
cpd03607_c,4-Phosphonooxy-threonine
cpd11570_c,3-Oxooctodecanoyl-ACP
cpd01501_c,2-Methylcitrate
cpd15358_c,2-octadecanoyl-sn-glycerol_3-phosphate
cpd02642_c,N-5-phosphoribosyl-anthranilate
cpd15668_c,glycerol_teichoic_acid_n=45__linked__D-ala_substituted
cpd11830_c,S-Aminomethyldihydrolipoylprotein
cpd03725_e,FeIIIdicitrate
cpd02201_c,4-phosphopantothenate
cpd01260_c,Lauroyl-CoA
cpd11479_c,D-3-Hydroxyhexanoyl-acp
cpd00152_c,Agmatine
cpd00281_e,GABA
cpd11517_c,14-methyl-3-hydroxy-hexa-decanoyl-ACP
cpd01831_c,4-Imidazoleacetate
cpd00206_c,dCMP
cpd15688_c,CDP-1_2-diisohexadecanoylglycerol
cpd11553_c,6-methyl-heptanoyl-ACP
cpd11509_c,10-methyl-3-hydroxy-dodecanoyl-ACP
cpd00334_c,L-Lactaldehyde
cpd01399_c,Maltotetraose
cpd00154_e,Xylose
cpd11503_c,6-methyl-octanoyl-ACP
cpd00019_c,S-Adenosyl-homocysteine
cpd03835_c,Precorrin_8
cpd02187_c,Methacrylyl-CoA
cpd00098_c,Choline
cpd00412_c,Deoxyuridine
cpd00156_c,L-Valine
cpd08369_c,Cobalt-precorrin_3
cpd15765_c,Myristoyllipoteichoic_acid_n=24__linked__N-acetyl-D-glucosamine
cpd00171_c,D-Ribulose5-phosphate
cpd03560_c,Propionyladenylate
cpd12370_c,apo-ACP
cpd01092_e,Allantoin
cpd14545_c,Iminoglycine
cpd02611_c,N-Acetyl-D-glucosamine1-phosphate
cpd11490_c,3-oxooctanoyl-acp
cpd01030_e,Salicin
cpd01092_c,Allantoin
cpd15421_c,CDP-1_2-dioctadecanoylglycerol
cpd02507_c,5-Carboxy-2-oxohept-3-enedioate
cpd00338_c,5-Aminolevulinate
cpd11542_c,15-methyl-3-hydroxy-hexa-decanoyl-ACP
cpd00289_c,Geranylgeranyl_diphosphate
cpd03831_c,ADP_L_glycero_D_manno_heptose
cpd00177_c,dADP
cpd15350_c,2-dodecanoyl-sn-glycerol_3-phosphate
cpd00175_c,UDP-N-acetyl-D-galactosamine
cpd15352_c,2-Demethylmenaquinone_8
cpd03918_c,Adenosyl_cobinamide
cpd08701_c,Methanophenazine
cpd00738_c,phosphoserine
cpd00038_c,GTP
cpd00030_c,Mn2
cpd08316_c,D_Glycero_D_manno_heptose1_7_bisphosphate
cpd04097_e,Pb
cpd00557_c,Siroheme
cpd04097_c,Pb
cpd15761_c,Isopentadecanoyllipoteichoic_acid_n=24__linked__glucose_substituted
cpd09410_c,Demethylphylloquinone
cpd00357_c,TTP
cpd11438_c,fa4
cpd00082_e,D-Fructose
cpd00809_c,O-Phospho-L-homoserine
cpd00868_c,p-hydroxyphenylpyruvate
cpd00137_c,Citrate
cpd00137_e,Citrate
cpd15500_c,Menaquinone_8
cpd00279_c,Acetoacetyl-CoA
cpd01775_c,Phosphoribosyl-ATP
cpd15794_c,Isoheptadecanoylcardiolipin_B._subtilis
cpd00355_c,Nicotinamide_ribonucleotide
cpd11578_c,hexanesulfonate
cpd03485_c,N-Acetyl-D-muramoate
cpd00118_e,Putrescine
cpd00222_c,GLCN
cpd11515_c,12-methyl-tetra-decanoyl-ACP
cpd11538_c,13-methyl-3-hydroxy-tetra-decanoyl-ACP
cpd11471_c,2E-Octenoyl-acp
cpd11495_c,2-methylbutyryl-ACP
cpd00073_c,Urea
cpd00135_c,Homocysteine
cpd03583_c,D-arabino-6-Phospho-hex-3-ulose
cpd00082_c,D-Fructose
cpd15338_c,2-Acyl-sn-glycero-3-phosphoethanolamine_tetradec-7-enoyl
cpd02828_c,5-Carboxymethyl-2-hydroxymuconic_semialdehyde
cpd03161_c,Phenethylamine
cpd00842_c,S-3-Hydroxybutyryl-CoA
cpd15748_c,Stearoyllipoteichoic_acid_n=24__linked__unsubstituted
cpd00071_c,Acetaldehyde
cpd03487_c,Undecaprenyl-diphospho-N-acetylmuramoyl-N-acetylglucosamine-L-alanyl-D-glutamyl-L-lysyl-D-alanyl-D-alanine
cpd09819_c,Naphthyl-2-methyl-succinyl-CoA
cpd00118_c,Putrescine
cpd11500_c,6-methyl-3-oxo-octanoyl-ACP
cpd15315_c,1-Acyl-sn-glycero-3-phosphoethanolamine_tetradec-7-enoyl
cpd15666_c,Peptidoglycan_polymer_n-1_subunits
cpd00115_c,dATP
cpd15277_c,Palmitoyl-ACP
cpd00588_c,Sorbitol
cpd01693_c,6-Phosphosucrose
cpd00277_c,Deoxyguanosine
cpd00077_c,Catechol
cpd00478_c,Pyridoxine_phosphate
cpd00075_c,Nitrite
cpd00117_c,D-Alanine
cpd02893_c,5'-Phosphoribosyl-4-carboxy-5-aminoimidazole
cpd02030_c,3-phosphoshikimate
cpd00276_e,GLUM
cpd15423_c,CDP-1_2-ditetradecanoylglycerol
cpd11497_c,4-methyl-3-hydroxy-hexanoyl-ACP
cpd11432_c,fa11coa
cpd15522_c,1_2-ditetradecanoyl-sn-glycerol_3-phosphate
cpd00608_c,D_Altronate
cpd03211_c,15-cis-Phytoene
cpd00202_c,DMAPP
cpd15724_c,Diisotetradecanoylphosphatidylglycerol
cpd02590_c,all-trans-Heptaprenyl_diphosphate
cpd00804_c,Sorbitol_6-phosphate
cpd11531_c,9-methyl-trans-dec-2-enoyl-ACP
cpd11533_c,11-methyl-3-oxo-dodecanoyl-ACP
cpd15726_c,Dianteisopentadecanoylphosphatidylglycerol
cpd11434_c,fa12coa
cpd08305_c,crotonobetaine
cpd00259_c,D-Lyxulose
cpd00418_c,NO
cpd03706_c,UppppU
cpd00016_c,Pyridoxal_phosphate
cpd03760_c,Precorrin_6B
cpd15584_c,alpha-Methyl-D-glucoside
cpd00275_c,L-Kynurenine
cpd11440_c,fa6
cpd15796_c,Isotetradecanoylcardiolipin_B._subtilis
cpd11579_c,ethanesulfonate
cpd08023_c,methanesulfonate
cpd00010_c,CoA
cpd00860_c,S-Succinyldihydrolipoamide
cpd02979_c,phosphoribosylformiminoaicar-phosphate
cpd00213_c,Lipoamide
cpd00504_c,LL-2_6-Diaminopimelate
cpd00251_c,ADPribose
cpd00232_c,Neu5Ac
cpd01335_c,Octanoyl-CoA
cpd00012_e,PPi
cpd00012_c,PPi
cpd11473_c,2E-Hexenoyl-acp
cpd11512_c,12-methyl-3-oxo-tetra-decanoyl-ACP
cpd02700_c,S-2-Methylpropionyl-dihydrolipoamide
cpd00358_c,dUTP
cpd15687_c,CDP-1_2-dianteisopentadecanoylglycerol
cpd00055_c,Formaldehyde
cpd00122_c,N-Acetyl-D-glucosamine
cpd15294_c,Tetradecenoyl-ACP
cpd00867_c,Inositol_1-phosphate
cpd15331_c,1-tetradecanoyl-sn-glycerol_3-phosphate
cpd00318_c,Tryptamine
cpd02557_c,Farnesylfarnesylgeraniol
cpd00116_c,Methanol
cpd00236_c,D-Erythrose4-phosphate
cpd11493_c,ACP
cpd15685_c,CDP-1_2-diisotetradecanoylglycerol
cpd00773_c,UDP-MurNAc
cpd00508_c,3MOP
cpd01171_e,Dulcose
cpd00036_c,Succinate
cpd11825_c,Octadecenoyl-ACP
cpd15701_c,1_2-Diisoheptadecanoyl-sn-glycerol
cpd03696_e,Ursin
cpd00378_c,Formamide
cpd00238_c,Sedoheptulose7-phosphate
cpd01507_c,3-Oxoadipyl-CoA
cpd15768_c,Anteisoheptadecanoyllipoteichoic_acid_n=24__linked__N-acetyl-D-glucosamine
cpd00051_c,L-Arginine
cpd15681_c,1_2-dianteisopentadecanoyl-sn-glycerol_3-phosphate
cpd00053_c,L-Glutamine
cpd00034_e,Zn2
cpd11545_c,isobutyryl-ACP
cpd00034_c,Zn2
cpd11475_c,2E-Decenoyl-acp
cpd02574_c,methylthioribose-1-phosphate
cpd00147_c,5-Methylthioadenosine
cpd15720_c,Dianteisopentadecanoylphosphatidylglycerophosphate
cpd11430_c,fa1
cpd00337_c,Hydrouracil
cpd00374_c,Tyramine
cpd09818_c,Naphthyl-2-methyl-succinic_acid
cpd15337_c,2-Acyl-sn-glycero-3-phosphoethanolamine_tetradecanoyl
cpd04242_c,DKH
cpd00219_c,Prephenate
cpd15764_c,Palmitoyllipoteichoic_acid_n=24__linked__N-acetyl-D-glucosamine
cpd00396_c,L-Rhamnose
cpd00390_c,CDP-glucose
cpd00032_c,Oxaloacetate
cpd11519_c,14-methyl-hexa-decanoyl-ACP
cpd00331_c,cis-Aconitate
cpd00142_c,Acetoacetate
cpd15746_c,Palmitoyllipoteichoic_acid_n=24__linked__unsubstituted
cpd14507_c,Peptide-L-methionine_R-S-oxide
cpd15766_c,Stearoyllipoteichoic_acid_n=24__linked__N-acetyl-D-glucosamine
cpd15378_c,4-Hydroxy-benzylalcohol
cpd02535_c,2_3-Dihydroxy-3-methylvalerate
cpd11436_c,fa3
cpd15719_c,Diisopentadecanoylphosphatidylglycerophosphate
cpd14702_c,2-Methyl-1-hydroxybutyl-TPP
cpd02168_c,Prephytoene_diphosphate
cpd15308_c,1_2-Diacyl-sn-glycerol_ditetradec-7-enoyl
cpd01923_c,N-Acetylmuramoyl-Ala
cpd00482_c,2-Phospho-D-glycerate
cpd11535_c,11-methyl-trans-dodec-2-enoyl-ACP
cpd11576_c,L_methionine_R_oxide
cpd02097_c,L-Glutamyl_5-phosphate
cpd00807_c,L-histidinol-phosphate
cpd00388_c,Allantoate
cpd15560_c,Ubiquinone-8
cpd15525_c,1_2-dihexadec-9-enoyl-sn-glycerol_3-phosphate
cpd00297_c,dTDP
cpd11499_c,4-methyl-hexanoyl-ACP
cpd00015_c,FAD
cpd02125_c,Tiglyl-CoA
cpd15669_c,glycerol_teichoic_acid_n=45__linked__glucose_substituted
cpd02625_c,3-Hydroxy-L-1-pyrroline-5-carboxylate
cpd15792_c,Myristoylcardiolipin_B._subtilis
cpd03063_c,3-Aminoisobutanoate
cpd02799_c,Methylisocitrate
cpd15357_c,2-octadec-11-enoyl-sn-glycerol_3-phosphate
cpd00609_c,D-Glucarate
cpd09844_c,3S-3-Hydroxyadipyl-CoA
cpd00239_c,H2S
cpd03049_c,2-Hydroxyethyl-ThPP
cpd15527_c,1_2-dioctadec-11-enoyl-sn-glycerol_3-phosphate
cpd00900_c,GDP-4-dehydro-D-rhamnose
cpd11580_e,Gly-Gln
cpd02948_c,MurAcoyl-L-Ala-D-gamma-Glu-L-Lys-D-Ala-D-Ala-diphospho-_undecaprenol
cpd15725_c,Diisopentadecanoylphosphatidylglycerol
cpd02626_c,1-Pyrroline-4-hydroxy-2-carboxylate
cpd00018_c,AMP
cpd11488_c,Acetoacetyl-ACP
cpd15717_c,Dianteisoheptadecanoylphosphatidylglycerophosphate
cpd11491_c,3-oxotetradecanoyl-acp
cpd03608_c,4-Hydroxy-L-threonine
cpd15353_c,2-Demethylmenaquinol_8
cpd00166_c,Calomide
cpd01710_c,2-Isopropylmaleate
cpd11583_e,Ala-Leu
cpd10516_c,fe3
cpd11583_c,Ala-Leu
cpd03724_c,Ferrichrome
cpd03916_c,Adenosyl_cobyrinate_diamide
cpd15721_c,Diisohexadecanoylphosphatidylglycerophosphate
cpd01982_c,5-Phosphoribosylamine
cpd00112_c,CMP_N_acetylneuraminate
cpd15762_c,Anteisopentadecanoyllipoteichoic_acid_n=24__linked__glucose_substituted
cpd15355_c,2-hexadecanoyl-sn-glycerol_3-phosphate
cpd02182_c,R-S-Lactoylglutathione
cpd00443_c,ABEE
cpd00254_c,Mg
cpd00130_c,L-Malate
cpd00502_c,5-Formiminotetrahydrofolate
cpd15611_c,hexanal
cpd01587_c,5-Methylcytosine
cpd00196_c,Acetylphosphate
cpd00254_e,Mg
cpd00039_e,L-Lysine
cpd00449_c,Dihydrolipoamide
cpd11587_c,Ala-Gln
cpd15661_c,Prenol-45n_teichoic_acid
cpd14955_c,Lipoyl-AMP
cpd11587_e,Ala-Gln
cpd00837_c,S-Adenosylmethioninamine
cpd11516_c,14-methyl-3-oxo-hexa-decanoyl-ACP
cpd02572_c,5-Carboxymethyl-2-hydroxymuconate
cpd15760_c,Isotetradecanoyllipoteichoic_acid_n=24__linked__glucose_substituted
cpd00198_c,D-Xylulose5-phosphate
cpd11537_c,13-methyl-3-oxo-tetra-decanoyl-ACP
cpd02711_c,2-Keto-3-deoxy-6-phosphogluconate
cpd11581_c,gly-asn-L
cpd15663_c,Prenol-45n_teichoic_acid-alanine_substituted
cpd11581_e,gly-asn-L
cpd00341_c,N-Carbamoylputrescine
cpd00395_c,L-Cysteate
cpd11575_e,MOPS
cpd00395_e,L-Cysteate
cpd11592_e,gly-glu-L
cpd00298_c,dTMP
cpd15274_c,Octadecenoyl-CoA
cpd00356_c,dCTP
cpd03127_c,2E-Tetradecenoyl-CoA
cpd11470_c,Octanoyl-ACP
cpd00425_c,CH32NH
cpd11567_c,14-methyl-3-hydroxy-pentadecanoyl-ACP
cpd00427_c,L_Arabinonate
cpd11565_c,12-methyl-tridecanoyl-ACP
cpd00393_c,Folate
cpd04918_c,D-Glycero-D-manno-heptose7-phosphate
cpd15716_c,Diisoheptadecanoylphosphatidylglycerophosphate
cpd15704_c,1_2-Diisopentadecanoyl-sn-glycerol
cpd02140_c,AIR
cpd01947_c,BDOH
cpd15319_c,1-Acyl-sn-glycero-3-phosphoglycerol_tetradecanoyl
cpd03129_c,2E-Decenoyl-CoA
cpd02546_c,CMP-KDO
cpd00146_c,Carbamoylphosphate
cpd03123_c,3-Oxohexanoyl-CoA
cpd02775_c,4-Amino-5-phosphomethyl-2-methylpyrimidine
cpd03128_c,Decanoyl-CoA
cpd03897_c,4a-Hydroxytetrahydrobiopterin
cpd00090_c,IDP
cpd00641_c,L-Histidinol
cpd00343_c,N-Carbamoyl-L-aspartate
cpd01882_c,Isovaleryl-CoA
cpd00808_c,L-ribulose-5-phosphate
cpd03697_c,Arbutin-6P
cpd00781_c,5-Dehydrogluconate
cpd11548_c,4-methyl-trans-pent-2-enoyl-ACP
cpd02857_c,DAHP
cpd11494_c,Acetyl-ACP
cpd00350_c,Farnesyldiphosphate
cpd03125_c,2E-Hexenoyl-CoA
cpd15306_c,1_2-Diacyl-sn-glycerol_didodecanoyl
cpd11585_e,L-alanylglycine
cpd11576_e,L_methionine_R_oxide
cpd15310_c,1_2-Diacyl-sn-glycerol_dihexadec-9-enoyl
cpd03121_c,3-Oxooctanoyl-CoA
cpd11585_c,L-alanylglycine
cpd01960_c,2-Oxohept-3-enedioate
cpd01844_c,Propionyl_phosphate
cpd00149_e,Co2
cpd00128_c,Adenine
cpd00149_c,Co2
cpd00982_c,FADH2
cpd00957_c,2_5-Diamino-6-5'-phosphoribosylamino-4-pyrimidineone
cpd11496_c,4-methyl-3-oxo-hexanoyl-ACP
cpd15667_c,glycerol_teichoic_acid_n=45__linked__unsubstituted
cpd01966_c,Dimethylacryloyl-CoA
cpd00048_c,Sulfate
cpd02333_c,Quinolinate
cpd02229_c,Bactoprenyl_diphosphate
cpd00272_c,GDP-L-fucose
cpd00017_c,S-Adenosyl-L-methionine
cpd00524_c,2-Inosose
cpd11589_c,gly-asp-L
cpd11467_c,2E-Tetradecenoyl-acp
cpd11589_e,gly-asp-L
cpd01133_c,Stachyose
cpd15523_c,1_2-ditetradec-7-enoyl-sn-glycerol_3-phosphate
cpd02060_c,2E-Dodecenoyl-CoA
cpd00790_c,O-Acetyl-L-homoserine
cpd03761_c,Precorrin_6A
cpd00089_c,Glucose-1-phosphate
cpd00274_c,Citrulline
cpd00011_c,CO2
cpd15723_c,Dianteisoheptadecanoylphosphatidylglycerol
cpd15665_c,Peptidoglycan_polymer_n_subunits
cpd01270_c,FMNH2
cpd11472_c,Hexanoyl-ACP
cpd01651_c,L-3-Cyanoalanine
cpd15521_c,1_2-didodecanoyl-sn-glycerol_3-phosphate
cpd00190_c,beta-D-Glucose
cpd00283_c,Geranyldiphosphate
cpd00106_c,Fumarate
cpd00133_c,Nicotinamide
cpd15323_c,1-Acyl-sn-glycero-3-phosphoglycerol_octadecanoyl
cpd02552_c,n-acetylglutamyl-phosphate
cpd00340_c,2_5-Dioxopentanoate
cpd00161_c,L-Threonine
cpd00764_c,7-8-Diaminononanoate
cpd11543_c,15-methyl-trans-hexa-dec-2-enoyl-ACP
cpd00104_e,BIOT
cpd01078_c,Selenide
cpd11524_c,5-methyl-hexanoyl-ACP
cpd00111_c,Oxidized_glutathione
cpd00954_c,6-hydroxymethyl_dihydropterin
cpd00540_c,BET
cpd02439_c,2-Dehydro-3-deoxy-D-glucarate
cpd15325_c,1-dodecanoyl-sn-glycerol_3-phosphate
cpd11521_c,5-methyl-3-oxo-hexanoyl-ACP
cpd03518_c,Formamidopyrimidine_nucleoside_triphosphate
cpd00113_c,Isopentenyldiphosphate
cpd00509_c,deoxyribose-1-phosphate
cpd00179_c,Maltose
cpd00403_c,D-Mannonate
cpd15545_c,Phosphatidylglycerophosphate_dihexadecanoyl
cpd08375_c,Cobalt-precorrin_8
cpd11522_c,5-methyl-3-hydroxy-hexanoyl-ACP
cpd00100_c,Glycerol
cpd02547_c,R-1-Aminopropan-2-yl_phosphate
cpd01871_c,3-Methylcatechol
cpd02978_c,7_8-Dihydroneopterin_3'-triphosphate
cpd00359_c,indol
cpd11217_c,1_4-Dihydroxy-2-naphthoyl-CoA
cpd08370_c,Cobalt-precorrin_4
cpd02631_c,DKDI
cpd08023_e,methanesulfonate
cpd00075_e,Nitrite
cpd11507_c,8-methyl-decanoyl-ACP
cpd00311_c,Guanosine
cpd02616_c,dTDP-4-amino-4_6-dideoxy-D-glucose
cpd00084_c,L-Cysteine
cpd11569_c,14-methyl-pentadecanoyl-ACP
cpd00235_c,D-mannose-6-phosphate
cpd00491_c,D-mannitol-1-phosphate
cpd11431_c,fa11
cpd00635_e,Cbl
cpd00218_c,Niacin
cpd00421_c,Triphosphate
cpd00143_c,Phenylpyruvate
cpd01311_c,Dethiobiotin
cpd00802_c,D-fructose-1-phosphate
cpd11313_c,hemeO
cpd00080_c,Glycerol-3-phosphate
cpd12225_c,Dihydrolipolprotein
cpd02069_c,3-Phosphonooxypyruvate
cpd01949_c,S_S-2_3-Butanediol
cpd00080_e,Glycerol-3-phosphate
cpd04122_c,Aminoacetaldehyde
cpd00423_e,Vitamin_B12r
cpd02862_c,UDPMurAcoyl-L-Ala-D-gamma-Glu-L-Lys-D-Ala-D-Ala
cpd00423_c,Vitamin_B12r
cpd00141_c,Propionate
cpd01772_c,Succinylbenzoate
cpd00086_c,Propionyl-CoA
cpd02851_c,AICAR
cpd00292_c,HMG-CoA
cpd02065_c,3-Hydroxy-L-kynurenine
cpd15561_c,Ubiquinol-8
cpd11508_c,10-methyl-3-oxo-dodecanoyl-ACP
cpd12543_c,Carboxybiotin-carboxyl-carrier_protein
cpd02021_c,Succinylbenzoyl-CoA
cpd15349_c,2-Acyl-sn-glycero-3-phosphoglycerol_octadec-11-enoyl
cpd01914_c,L-Methionine_S-oxide
cpd02371_c,D-Tagatose_1_6-biphosphate
cpd00064_c,Ornithine
cpd00742_c,Allophanate
cpd00066_c,L-Phenylalanine
cpd00296_c,dGMP
cpd00041_c,L-Aspartate
cpd02737_c,5-Methyl-H4MPT
cpd00523_c,Trehalose_6-phosphate
cpd02536_c,Muconolactone
cpd00573_c,L-Idonate
cpd01221_c,S-Acetoin
cpd12547_c,L-2-Lysophosphatidylethanolamine
cpd11529_c,9-methyl-3-oxo-decanoyl-ACP
cpd15328_c,1-octadec-11-enoyl-sn-glycerol_3-phosphate
cpd02147_c,4-Phosphoerythronate
cpd02375_c,Adenylosuccinate
cpd01695_c,Myristoyl-CoA
cpd00047_c,Formate
cpd00045_c,Adenosine_3-5-bisphosphate
cpd00322_c,L-Isoleucine
cpd00121_c,L-Inositol
cpd00322_e,L-Isoleucine
cpd03091_c,5'-Deoxyadenosine
cpd02698_c,N-Succinyl-L-2_6-diaminopimelate
cpd00521_c,dTDP-4-oxo-6-deoxy-D-glucose
cpd02124_c,2-Methylacetoacetyl-CoA
cpd03671_c,D-Glucosamine1-phosphate
cpd01553_c,Saligenin
cpd15753_c,Anteisopentadecanoyllipoteichoic_acid_n=24__linked__unsubstituted
cpd15238_c,Hexadecenoyl-CoA
cpd03189_c,3-Carboxy-1-hydroxypropyl-ThPP
cpd02591_c,pendp
cpd11582_e,ala-L-Thr-L
cpd00307_e,Cytosine
cpd11582_c,ala-L-Thr-L
cpd01914_e,L_Methionine_S_oxide
cpd00169_c,3-Phosphoglycerate
cpd03424_e,Vitamin_B12
cpd00120_c,Butyryl-CoA
cpd00214_c,Palmitate
cpd02791_c,methylthioribulose-1-phosphate
cpd00199_c,4-Oxobutanoate
cpd03414_c,UroporphyrinogenI
cpd03416_c,CoproporphyrinogenI
cpd14698_c,3-Methyl-1-hydroxybutyl-TPP
cpd11620_c,Reducedferredoxin
cpd00938_c,4-Carboxymuconolactone
cpd08305_e,crotonobetaine
cpd02654_c,4-Methyl-5-2-phosphoethyl-thiazole
cpd00626_c,dTDPglucose
cpd00805_c,D-Tagatose_6-phosphate
cpd01981_c,5-Methylthio-D-ribose
cpd02338_c,UDP-D-galacto-1_4-furanose
cpd11502_c,6-methyl-trans-oct-2-enoyl-ACP
cpd00531_e,Hg2
cpd11586_c,ala-L-glu-L
cpd00762_c,4-Guanidinobutanoate
cpd00158_c,CELB
cpd11586_e,ala-L-glu-L
cpd00211_c,Butyrate
cpd00210_c,Taurine
cpd08372_c,Cobalt-precorrin_6
cpd15307_c,1_2-Diacyl-sn-glycerol_ditetradecanoyl
cpd08287_c,4-cytidine5-diphospho-2-C-methyl-D-erythritol
cpd15327_c,1-hexadecanoyl-sn-glycerol_3-phosphate
cpd00210_e,Taurine
cpd15363_c,2-tetradecanoyl-sn-glycerol_3-phosphate
cpd00672_c,D-Fructuronate
cpd11580_c,Gly-Gln
cpd00760_c,2-Methylbutyryl-CoA
cpd11547_c,4-methyl-3-hydroxy-pentanoyl-ACP
cpd03471_c,Nicotinate_D-ribonucleoside
cpd00956_c,1-2-carboxyphenylamino-1-deoxyribulose_5-phosphate
cpd00216_c,Chorismate
cpd00068_c,ITP
cpd03422_c,Cobinamide
cpd08289_c,1-deoxy-D-xylulose5-phosphate
cpd08301_c,2-C-methyl-D-erythritol2-4-cyclodiphosphate
cpd00025_c,H2O2
cpd00306_c,Xylitol
cpd11566_c,14-methyl-3-oxo-pentadecanoyl-ACP
cpd02431_c,1-Pyrroline-5-carboxylate
cpd15340_c,2-Acyl-sn-glycero-3-phosphoethanolamine_hexadec-9-enoyl
cpd00644_c,PAN
cpd11421_c,trdrd
cpd00295_c,dGDP
cpd00728_c,4-Hydroxybutanoate
cpd00027_e,D-Glucose
cpd02817_c,HTP
cpd00027_c,D-Glucose
cpd02068_c,3-Methylglutaconyl-CoA
cpd03200_c,Manninotriose
cpd00918_c,2-Acetamido-5-oxopentanoate
cpd15757_c,Stearoyllipoteichoic_acid_n=24__linked__glucose_substituted
cpd15346_c,2-Acyl-sn-glycero-3-phosphoglycerol_hexadecanoyl
cpd00646_c,PNP
cpd01157_c,Chitobiose
cpd00346_c,L-Aspartate4-semialdehyde
cpd03124_c,Hexanoyl-CoA
cpd02258_c,4-Hydroxy-2-oxovalerate
cpd15342_c,2-Acyl-sn-glycero-3-phosphoethanolamine_octadec-11-enoyl
cpd02820_c,UDP-N-acetylglucosamine_enolpyruvate
cpd15672_c,1-anteisoheptadecanoyl-sn-glycerol_3-phosphate
cpd12005_c,Lipoylprotein
cpd02597_c,cis-2-Methylaconitate
cpd01155_c,Cadaverine
cpd00023_c,L-Glutamate
cpd00299_c,dUMP
cpd15706_c,1_2-Diisohexadecanoyl-sn-glycerol
cpd11501_c,6-methyl-3-hydroxy-octanoyl-ACP
cpd00110_c,Cytochrome
cpd03126_c,2E-Hexadecenoyl-CoA
cpd15755_c,Palmitoyllipoteichoic_acid_n=24__linked__glucose_substituted
cpd00424_c,Cystathionine
cpd01716_c,3-Dehydroshikimate
cpd00642_c,L-Rhamnulose
cpd01401_c,Vitamin_K1
cpd00132_c,L-Asparagine
cpd03492_c,Undecaprenyl-diphospho-N-acetylmuramoyl-N-acetylglucosamine-L-alanyl-D-isoglutaminyl-L-lysyl-D-alanyl-D-alanine
cpd02721_c,DKHP
cpd00931_c,5-Amino-6-5-phosphoribosylaminouracil
cpd02884_c,FAICAR
cpd11568_c,14-methyl-trans-pentadec-2-enoyl-ACP
cpd00731_c,Ala-Ala
cpd02311_c,4-Imidazolone-5-propanoate
cpd00822_c,O-Succinyl-L-homoserine
cpd08615_c,1-Hydroxy-2-methyl-2-butenyl_4-diphosphate
cpd00873_c,Nicotinate_ribonucleotide
cpd00501_c,beta-D-Glucose_1-phosphate
cpd00151_c,Thymine
cpd03122_c,S-Hydroxyhexanoyl-CoA
cpd00673_c,Dihydrothymine
cpd00689_c,Porphobilinogen
cpd11584_e,Ala-His
cpd03496_c,Undecaprenyl-diphospho-N-acetylmuramoyl-N-acetylglucosamine-L-alanyl-D-glutaminyl-meso-2_6-diaminopimeloyl-D-alanyl-D-alanine
cpd03120_c,S-Hydroxyoctanoyl-CoA
cpd00145_c,Hydroxypyruvate
cpd00978_c,dUDP
cpd11584_c,Ala-His
cpd11505_c,8-methyl-3-hydroxy-decanoyl-ACP
cpd15418_c,CDP-1_2-dihexadec-9-enoylglycerol
cpd15759_c,Anteisoheptadecanoyllipoteichoic_acid_n=24__linked__glucose_substituted
cpd00060_c,L-Methionine
cpd00294_c,dAMP
cpd00060_e,L_Methionine
cpd00224_e,L-Arabinose
cpd09813_c,4-Hydroxymethylcatechol
cpd00483_c,3-Hydroxyanthranilate
cpd08211_c,trans_trans_cis-Geranylgeranyl_diphosphate
cpd00525_c,UDP-N-acetylmuramoyl-L-alanyl-D-glutamate
cpd03451_c,SHCHC
cpd00062_c,UTP
cpd00191_c,3-Oxopropanoate
cpd03494_c,Undecaprenyl-diphospho-N-acetylmuramoyl-L-alanyl-D-glutamyl-meso-2-6-diaminopimeloyl-D-alanyl-D-alanine
cpd02882_c,4-1-D-Ribitylamino-5-aminouracil
cpd11621_c,Oxidizedferredoxin
cpd11588_e,gly-pro-L
cpd00361_c,ACTN
cpd15330_c,1-tetradec-7-enoyl-sn-glycerol_3-phosphate
cpd15322_c,1-Acyl-sn-glycero-3-phosphoglycerol_hexadec-9-enoyl
cpd00541_c,Lipoate
cpd11482_c,R-3-Hydroxydecanoyl-acyl-carrier_protein
cpd11540_c,13-methyl-tetra-decanoyl-ACP
cpd03519_c,2_5-Diaminopyrimidine_nucleoside_triphosphate
cpd01977_c,4-Phospho-L-aspartate
cpd00107_c,L-Leucine
cpd02234_c,R-3-Hydroxybutanoyl-CoA
cpd00107_e,L-Leucine
cpd00193_c,APS
cpd15324_c,1-Acyl-sn-glycero-3-phosphoglycerol_octadec-11-enoyl
cpd00428_c,2-Oxopropanal
cpd08286_c,2-C-methyl-D-erythritol4-phosphate
cpd00858_c,L-Glutamate5-semialdehyde
cpd00345_c,5-Methyltetrahydrofolate
cpd15674_c,1-isopentadecanoyl-sn-glycerol_3-phosphate
cpd02693_c,3-Isopropylmalate
cpd00105_e,D-Ribose
cpd00105_c,D-Ribose
cpd00300_c,Urate
cpd00247_c,Orotate
cpd00104_c,BIOT
cpd00284_c,6-Phospho-D-gluconate
cpd02720_c,5-Amino-6-5-phosphoribitylaminouracil
cpd00400_c,Acrylate
cpd00314_c,D-Mannitol
cpd00932_c,5-O-1-Carboxyvinyl-3-phosphoshikimate
cpd02230_c,Inositol_4-phosphate
cpd02886_c,UDP-3-O-beta-hydroxymyristoyl-N-acetylglucosamine
cpd00009_c,Phosphate
cpd11596_c,butanesulfonate
cpd00241_c,dGTP
cpd01476_c,Protoporphyrin
cpd00009_e,Phosphate
cpd02691_c,2-methyl-3-hydroxy-butyryl-CoA
cpd11527_c,7-methyl-trans-oct-2-enoyl-ACP
cpd00101_c,ribose-5-phosphate
cpd02724_c,N-Succinyl-L-2-amino-6-oxopimelate
cpd00125_c,5-10-Methylenetetrahydrofolate
cpd02921_c,SAICAR
cpd04920_c,D_Glycero_D_manno_heptose1_phosphate
cpd02701_c,S-Adenosyl-4-methylthio-2-oxobutanoate
cpd03839_c,Precorrin_5
cpd00231_c,Dihydrobiopterin
cpd00085_c,beta-Alanine
cpd11572_c,trans-Octodec-2-enoyl-ACP
cpd11441_c,fa6coa
cpd11573_c,Octodecanoyl-ACP
cpd00007_c,O2
cpd11466_c,Myristoyl-ACP
cpd11560_c,10-methyl-trans-undec-2-enoyl-ACP
cpd03052_c,Imidazole_acetaldehyde
cpd01150_c,Acrylamide
cpd00244_c,Ni2
cpd11506_c,8-methyl-trans-dec-2-enoyl-ACP
cpd00810_c,Orotidylic_acid
cpd00649_c,Coenzyme_F420
cpd00103_c,PRPP
cpd11541_c,15-methyl-3-oxo-hexa-decanoyl-ACP
cpd00005_c,NADPH
cpd11464_c,Butyryl-ACP
cpd00699_c,5-Dehydroquinate
cpd00081_c,Sulfite
cpd00681_c,Choline_sulfate
cpd11498_c,4-methyl-trans-hex-2-enoyl-ACP
cpd00293_c,N-Acetyl-D-glucosamine_6-phosphate
cpd00144_c,UDPglucuronate
cpd15344_c,2-Acyl-sn-glycero-3-phosphoglycerol_tetradecanoyl
cpd11596_e,butanesulfonate
cpd03572_c,S-3-Hydroxyisobutyryl-CoA
cpd09806_c,m-Cresotic_acid
cpd02083_c,CoproporphyrinogenIII
cpd00087_c,Tetrahydrofolate
cpd15678_c,1_2-dianteisoheptadecanoyl-sn-glycerol_3-phosphate
cpd01324_c,L-Histidinal
cpd02361_c,4-Hydroxyphenylacetaldehyde
cpd11562_c,12-methyl-3-oxo-tridecanoyl-ACP
cpd08306_c,Butyro-betaine
cpd12848_c,Holo-carboxylase
cpd00122_e,N-Acetyl-D-glucosamine
cpd15348_c,2-Acyl-sn-glycero-3-phosphoglycerol_octadecanoyl
cpd00065_c,L-Tryptophan
cpd02096_c,L-3-Amino-isobutyrate
cpd01080_c,ocdca
cpd00129_c,L-Proline
cpd15722_c,Diisoheptadecanoylphosphatidylglycerol
cpd00129_e,L-Proline
cpd08928_c,L-Threonine_phosphate
cpd00402_c,CDPglycerol
cpd02826_c,5'-Phosphoribosylformylglycinamidine
cpd11485_c,3-oxohexadecanoyl-acp
cpd00599_c,SALC
cpd00397_c,L-Ribulose
cpd15771_c,Anteisopentadecanoyllipoteichoic_acid_n=24__linked__N-acetyl-D-glucosamine
cpd00971_e,Na
cpd00875_c,KDO
cpd00971_c,Na
cpd00040_c,Glyoxalate
cpd00498_c,2-Aceto-2-hydroxybutanoate
cpd15752_c,Isopentadecanoyllipoteichoic_acid_n=24__linked__unsubstituted
cpd00492_c,N-Acetyl-D-mannosamine
cpd15797_c,Isopentadecanoylcardiolipin_B._subtilis
cpd15329_c,1-octadecanoyl-sn-glycerol_3-phosphate
cpd00006_c,NADP
cpd00540_e,BET
cpd11528_c,7-methyl-octanoyl-ACP
cpd03480_c,2-Hydroxyphenylacetate
cpd00249_c,Uridine
cpd02255_c,3-oxoadipate-enol-lactone
cpd15799_c,Isohexadecanoylcardiolipin_B._subtilis
cpd03424_c,Vitamin_B12
cpd01242_e,Thyminose
cpd00048_e,Sulfate
cpd00123_c,3-Methyl-2-oxobutanoate
cpd02197_c,5-Formyltetrahydrofolate
cpd15793_c,Stearoylcardiolipin_B._subtilis
cpd03646_c,gamma-Glutamyl-3-aminopropiononitrile
cpd15769_c,Isotetradecanoyllipoteichoic_acid_n=24__linked__N-acetyl-D-glucosamine
cpd11546_c,4-methyl-3-oxo-pentanoyl-ACP
cpd03078_c,Selenophosphate
cpd11597_e,ARSENOBETAINE
cpd02498_c,2_3-Dihydroxy-isovalerate
cpd15683_c,CDP-1_2-diisoheptadecanoylglycerol
cpd00046_c,CMP
cpd15536_c,Phosphatidylglycerol_ditetradecanoyl
cpd15795_c,Anteisoheptadecanoylcardiolipin_B._subtilis
cpd11588_c,gly-pro-L
cpd00083_c,GDP-mannose
cpd00002_c,ATP
cpd08373_c,Cobalt-precorrin_6B
cpd03470_c,Iminoaspartate
cpd00330_c,Dihydrofolate
cpd15326_c,1-hexadec-9-enoyl-sn-glycerol_3-phosphate
cpd00023_e,L-Glutamate
cpd15791_c,Palmitoylcardiolipin_B._subtilis
cpd08288_c,2-phospho-4-cytidine5-diphospho-2-C-methyl-D-erythritol
cpd00162_c,Aminoethanol
cpd00531_c,Hg2
cpd01973_c,4-Guanidinobutanamide
cpd14961_c,Cobalt-precorrin_7
cpd11556_c,8-methyl-trans-non-2-enoyl-ACP
cpd00069_c,L-Tyrosine
cpd15320_c,1-Acyl-sn-glycero-3-phosphoglycerol_tetradec-7-enoyl
cpd15302_c,glycogenn-1
cpd11469_c,2E-Dodecenoyl-acp
cpd00347_c,5-10-Methenyltetrahydrofolate
cpd11544_c,15-methyl-hexa-decanoyl-ACP
cpd00138_e,D-Mannose
cpd00408_c,Pantoate
cpd14700_c,2-Methyl-1-hydroxypropyl-TPP
cpd15756_c,Myristoyllipoteichoic_acid_n=24__linked__glucose_substituted
cpd15347_c,2-Acyl-sn-glycero-3-phosphoglycerol_hexadec-9-enoyl
cpd00387_c,ADPglucose
cpd00327_c,strcoa
cpd00024_c,2-Oxoglutarate
cpd00261_c,L-Lyxulose
cpd00307_c,Cytosine
cpd03407_c,gamma-Glutamyl-beta-cyanoalanine
cpd00794_c,TRHL
cpd02685_c,N-acetyl-LL-2_6-diaminopimelate
cpd15750_c,Anteisoheptadecanoyllipoteichoic_acid_n=24__linked__unsubstituted
cpd00102_c,Glyceraldehyde3-phosphate
cpd01720_c,3-Ureidopropanoate
cpd02679_c,5_10-Methylenetetrahydromethanopterin
cpd00026_c,UDP-glucose
cpd00229_c,Glycolaldehyde
cpd11518_c,14-methyl-trans-hexa-dec-2-enoyl-ACP
cpd11520_c,isovaleryl-ACP
cpd03491_c,Undecaprenyl-diphospho-N-acetylmuramoyl-N-acetylglucosamine-L-alanyl-gamma-D-glutamyl-L-lysyl-D-alanyl-D-alanine
cpd15671_c,1-isoheptadecanoyl-sn-glycerol_3-phosphate
cpd00588_e,Sorbitol
cpd02279_c,NG_NG-Dimethyl-L-arginine
cpd00186_c,D-Glutamate
cpd03920_c,Adenosylcobinamide-GDP
cpd08366_c,2R-Phosphosulfolactate
cpd15343_c,2-Acyl-sn-glycero-3-phosphoglycerol_dodecanoyl
cpd15341_c,2-Acyl-sn-glycero-3-phosphoethanolamine_n-C18_0
cpd16540_c,5-Deoxy_glucuronic_acid
cpd07946_c,4-Hydroxybutyryl-CoA
cpd15362_c,2-tetradec-7-enoyl-sn-glycerol_3-phosphate
cpd11420_c,trdox
cpd12227_c,L-Glutamyl-tRNA-Glu
cpd00126_c,GMP
cpd00022_c,Acetyl-CoA
cpd00305_c,Thiamin
cpd00184_c,Thymidine
cpd00305_e,Thiamin
cpd15754_c,Isohexadecanoyllipoteichoic_acid_n=24__linked__unsubstituted
cpd15345_c,2-Acyl-sn-glycero-3-phosphoglycerol_tetradec-7-enoyl
cpd03326_c,2-Hydroxyhepta-2_4-dienedioate
cpd01919_c,maltose-6-phosphate
cpd02566_c,2_3-Dihydroxy-2_3-dihydrobenzoate
cpd02656_c,6-7-Dimethyl-8-1-D-ribityllumazine
cpd00930_c,imidazole_acetol-phosphate
cpd00507_c,Glycerophosphocholine
cpd03495_c,Undecaprenyl-diphospho-N-acetylmuramoyl-N-acetylglucosamine-L-ala-D-glu-meso-2-6-diaminopimeloyl-D-ala-D-ala
cpd16335_c,2-Succinyl-5-enolpyruvyl-6-hydroxy-3-cyclohexene-1-carboxylate
cpd02678_c,N-Formyl-GAR
cpd02113_c,dTDP-rhamnose
cpd15538_c,Phosphatidylglycerol_dihexadecanoyl
cpd15494_c,Maltoheptaose
cpd02935_c,CoM-S-S-CoB
cpd11504_c,8-methyl-3-oxo-decanoyl-ACP
cpd00020_c,Pyruvate
cpd03187_c,Oxalosuccinate
cpd02227_c,S-Ribosylhomocysteine
cpd00851_c,trans-4-Hydroxy-L-proline
cpd02666_c,R-4'-Phosphopantothenoyl-L-cysteine
cpd08371_c,Cobalt-precorrin_5
cpd08210_c,ADC
cpd15321_c,1-Acyl-sn-glycero-3-phosphoglycerol_hexadecanoyl
cpd00067_c,H
cpd15758_c,Isoheptadecanoyllipoteichoic_acid_n=24__linked__glucose_substituted
cpd00067_e,H
cpd00417_c,L-Lyxitol
cpd00874_c,3S_5S-3_5-Diaminocaproate
cpd04117_c,4-Methylcatechol
cpd03734_c,Acetamide
cpd00830_c,4-Hydroxy-2-oxoglutarate
cpd00906_c,all-trans-Hexaprenyl_diphosphate
cpd00061_c,Phosphoenolpyruvate
cpd01298_c,Aminoacetone
cpd00522_c,dTDP-4-oxo-L-rhamnose
cpd01974_c,4-Hydroxy-L-glutamate
cpd03847_c,Myristic_acid
cpd15675_c,1-anteisopentadecanoyl-sn-glycerol_3-phosphate
cpd00138_c,D-Mannose
cpd00794_e,TRHL
cpd02045_c,1-Hydroxy-2-naphthoate
cpd00911_c,6-phospho-D-glucono-1-5-lactone
cpd03752_c,Galactitol_1-phosphate
cpd15703_c,1_2-Diisotetradecanoyl-sn-glycerol
cpd11481_c,R-3-hydroxypalmitoyl-acyl-carrierprotein
cpd00207_c,Guanine
cpd00242_c,H2CO3
cpd03423_c,alpha-Ribazole
cpd15673_c,1-isotetradecanoyl-sn-glycerol_3-phosphate
cpd03444_c,2-Octaprenylphenol
cpd00876_c,3-Hydroxyisobutyrate
cpd02135_c,4-Nitrophenyl_phosphate
cpd00180_c,Oxalate
cpd12689_c,3-Oxotetradecanoyl-CoA
cpd11483_c,R-3-Hydroxyoctanoyl-acyl-carrier_protein
cpd00209_c,Nitrate
cpd00859_c,Pseudouridine_5'-phosphate
cpd11591_c,Gly-Met
cpd00139_c,Glycolate
cpd15309_c,1_2-Diacyl-sn-glycerol_dihexadecanoyl
cpd11575_c,MOPS
cpd00836_c,S-Acetyldihydrolipoamide
cpd02090_c,Glycerophosphoglycerol
cpd00246_c,Inosine
cpd00890_c,UDP-N-acetylmuramoyl-L-alanine
cpd00510_c,deoxyribose-5-phosphate
cpd00447_c,Betaine_aldehyde
cpd03114_c,3-Oxopalmitoyl-CoA
cpd11525_c,7-methyl-3-oxo-octanoyl-ACP
cpd03116_c,S-3-Hydroxydodecanoyl-CoA
cpd11597_c,ARSENOBETAINE
cpd02920_c,2-Amino-4-hydroxy-6-hydroxymethyl-7-8-dihydropteridinediphosphate
cpd02235_c,1-Pyrroline-2-carboxylate
cpd00182_c,Adenosine
cpd00008_c,ADP
cpd00205_c,K
cpd11510_c,10-methyl-trans-dodec-2-enoyl-ACP
cpd00205_e,K
cpd15677_c,1_2-diisoheptadecanoyl-sn-glycerol_3-phosphate
cpd15603_e,Gly-Cys
cpd02961_c,Dihydroneopterin
cpd02210_c,Indoleglycerol_phosphate
cpd00004_c,NADH
cpd00201_c,10-Formyltetrahydrofolate
cpd11225_c,3-4-dihydroxy-2-butanone4-phosphate
cpd10516_e,fe3
cpd00817_c,D-Arabinose5-phosphate
cpd03118_c,S-Hydroxydecanoyl-CoA
cpd00226_c,HYXN
cpd00226_e,HYXN
cpd00309_c,XAN
cpd11487_c,3-oxodecanoyl-acp
cpd02175_c,cis-4-Hydroxy-D-proline
cpd00099_c,Cl
cpd11465_c,But-2-enoyl-acyl-carrier_protein
cpd00029_c,Acetate
cpd02662_c,Malyl-CoA
cpd00516_c,meso-2_6-Diaminopimelate
cpd02394_c,GAR
cpd00224_c,L-Arabinose
cpd00099_e,Cl
cpd15499_c,Menaquinol_8
cpd15547_c,Phosphatidylglycerophosphate_dioctadecanoyl
cpd01329_c,Maltohexaose
cpd01329_e,Maltohexaose
cpd15311_c,1_2-Diacyl-sn-glycerol_dioctadecanoyl
cpd00919_c,Homocitrate
cpd02295_c,1-4-Dihydroxy-2-naphthoate
cpd02740_c,Guanosine_5'-triphosphate_3'-diphosphate
cpd03725_c,FeIIIdicitrate
cpd15702_c,1_2-Dianteisoheptadecanoyl-sn-glycerol
cpd03205_c,Phytoene
cpd15269_c,octadecenoate
cpd00446_c,cAMP
cpd00220_c,Riboflavin
cpd01557_c,3-Butenoyl-CoA
cpd15679_c,1_2-diisotetradecanoyl-sn-glycerol_3-phosphate
cpd03861_c,L-Xylulose_1-phosphate
cpd00244_e,Ni2
cpd00092_e,Uracil
cpd00108_c,Galactose
cpd00092_c,Uracil
cpd11558_c,10-methyl-3-oxo-undecanoyl-ACP
cpd00712_c,2-Dehydropantoate
cpd11451_c,mql7
cpd01620_c,Precorrin_2
cpd00268_e,H2S2O3
cpd02569_c,2-Oxo-3-hydroxyisovalerate
cpd03524_c,10-Formyl-THF-L-glutamate
cpd03830_c,ADP_D_glycero_D_manno_heptose
cpd02991_c,phosphoribulosylformimino-AICAR-phosphate
cpd00793_c,Thiamine_phosphate
cpd00176_c,2-keto-3-deoxygluconate
cpd11593_e,ala-L-asp-L
cpd11539_c,13-methyl-trans-tetra-dec-2-enoyl-ACP
cpd01749_c,N-Formylkynurenine
cpd11593_c,ala-L-asp-L
cpd11484_c,HMA
cpd00096_c,CDP
cpd00485_c,D-Mannose1-phosphate
cpd02904_c,alpha-Ribazole_5'-phosphate
cpd00367_c,Cytidine
cpd00287_c,3-Oxo-2-methylpropanoate
cpd00170_c,Gluconolactone
cpd00616_c,Pretyrosine
cpd00159_c,L-Lactate
cpd03119_c,3-Oxodecanoyl-CoA
cpd11579_e,ethanesulfonate
cpd00497_c,XMP
cpd00856_c,3-Carboxy-cis_cis-muconate
cpd00001_c,H2O
cpd11526_c,7-methyl-3-hydroxy-octanoyl-ACP
cpd00348_c,D-Galactose_1-phosphate
cpd11912_c,tRNA-Glu
cpd11551_c,6-methyl-3-hydroxy-heptanoyl-ACP
cpd06227_c,THF-L-glutamate
cpd11489_c,3-oxododecanoyl-acp
cpd00722_c,O-Acetyl-L-serine
cpd11477_c,2E-Hexadecenoyl-acp
cpd15676_c,1-isohexadecanoyl-sn-glycerol_3-phosphate
cpd00630_c,3-Oxoadipate
cpd11486_c,3-Oxohexanoyl-acp
cpd15605_c,Gly-Phe
cpd10162_c,R-3-Hydroxy-3-methyl-2-oxopentanoate
cpd00363_c,Ethanol
cpd00493_c,Pyridoxamine_phosphate
cpd02016_c,N-Ribosylnicotinamide
cpd11563_c,12-methyl-3-hydroxy-tridecanoyl-ACP
cpd00342_c,N-Acetylornithine
cpd00520_c,2_Dehydro_3_deoxy_L_pentonate
cpd00003_c,NAD
cpd00668_c,ALCTT
cpd14703_c,S-2-Methylbutanoyl-dihydrolipoamide-E
cpd15419_c,CDP-1_2-dihexadecanoylglycerol
cpd00655_c,Dephospho-CoA
cpd11468_c,Dodecanoyl-ACP
cpd09878_c,Sulfoacetate
cpd00030_e,Mn2
cpd09878_e,Sulfoacetate
cpd02345_c,L-Glutamate1-semialdehyde
cpd00344_c,N-Formimino-L-glutamate
cpd02605_c,2-isopropyl-3-oxosuccinate
cpd00840_c,L-beta-Lysine
cpd00727_c,2-Phosphoglycolate
cpd00281_c,GABA
cpd01242_c,Thyminose
cpd00567_c,D-Proline
cpd00382_c,Melitose
cpd00078_c,Succinyl-CoA
cpd15763_c,Isohexadecanoyllipoteichoic_acid_n=24__linked__glucose_substituted
cpd15298_c,tetradecenoate
cpd00843_c,Tartronate_semialdehyde
cpd00153_c,Benzoate
cpd01630_c,cis_cis-Muconate
cpd03915_c,CobIyrinate_diamide
cpd00209_e,Nitrate
cpd15354_c,2-hexadec-9-enoyl-sn-glycerol_3-phosphate
cpd02465_c,tetrahydrodipicolinate
cpd00791_c,ProtoporphyrinogenIX
cpd11530_c,9-methyl-3-hydroxy-decanoyl-ACP
cpd02152_c,L-Argininosuccinate
cpd03034_c,3-Ureidoisobutyrate
cpd00094_c,2-Oxobutyrate
cpd15313_c,1-Acyl-sn-glycero-3-phosphoethanolamine_dodecanoyl
cpd01646_c,2-Isopropylmalate
cpd02760_c,cellobiose_6-phoshate
cpd00044_c,3-phosphoadenylylsulfate
cpd00157_c,Glycerone
cpd00834_c,Phosphopantetheine
cpd00415_c,Quinol
cpd00946_c,Undecaprenyl_diphospho_N-acetyl-glucosamine
cpd01997_c,Dimethylbenzimidazole
cpd15495_c,Maltopentaose
cpd11578_e,hexanesulfonate
cpd03698_c,Salicin-6P
cpd00349_c,Sedoheptulose_1_7-bisphosphate
cpd02843_c,D-erythro-imidazol-glycerol-phosphate
cpd00260_c,Isocitrate
cpd15316_c,1-Acyl-sn-glycero-3-phosphoethanolamine_hexadecanoyl
cpd11571_c,3-Hydroxyoctodecanoyl-ACP
cpd00039_c,L-Lysine
cpd08702_c,Dihydromethanophenazine
cpd08306_e,Butyro-betaine
cpd11561_c,10-methyl-undecanoyl-ACP
cpd15317_c,1-Acyl-sn-glycero-3-phosphoethanolamine_hexadec-9-enoyl
cpd01012_e,Cd2
cpd02211_c,L-2-Amino-acetoacetate
cpd00155_c,Glycogen
cpd01012_c,Cd2
cpd11552_c,6-methyl-trans-hept-2-enoyl-ACP
cpd00703_c,Indoleacetate
cpd02968_c,UDP-N-acetylmuramoyl-L-alanyl-D-glutamyl-6-carboxy-L-lysyl-D-alanyl-_D-alanine
cpd00264_c,Spermidine
cpd00114_c,IMP
cpd15417_c,CDP-1_2-didodecanoylglycerol
cpd01741_c,ddca
cpd00264_e,Spermidine
cpd00154_c,Xylose
cpd11550_c,6-methyl-3-oxo-heptanoyl-ACP
cpd00831_c,L-Rhamnulose_1-phosphate
cpd03919_c,Adenosyl_cobinamide_phosphate
cpd11591_e,Gly-Met
cpd15268_c,Octadecanoyl-ACP
cpd15420_c,CDP-1_2-dioctadec-11-enoylglycerol
cpd01747_c,Indole-3-acetamide
cpd00288_c,D-Glucosamine_phosphate
cpd00203_c,1_3-Bisphospho-D-glycerate
cpd11480_c,D-3-Hydroxydodecanoyl-acp
cpd03834_c,Precorrin_4
cpd00658_c,Isochorismate
cpd11554_c,8-methyl-3-oxo-nonanoyl-ACP
cpd06707_c,Benzamide
cpd02964_c,UDP-N-acetylmuramoyl-L-alanyl-D-gamma-glutamyl-meso-2-6-diaminopimelate
cpd00532_c,O2
